Workbook

Sheet Dashboard
B2: ANNEX A READINESS DASHBOARD
B3: Ringkasan kesiapan 93 kontrol ISO/IEC 27001:2022
B5: ='Master Data'!C6 | K5: ='Master Data'!C9
B7: TOTAL KONTROL | F7: BELUM DINILAI | J7: SIAP
B8: =COUNTA('Checklist 93 Kontrol'!B7:B99) | F8: =COUNTIFS('Checklist 93 Kontrol'!X7:X99,"Belum dinilai") | J8: =COUNTIFS('Checklist 93 Kontrol'!X7:X99,"Siap")
B10: BERLAKU | F10: PERLU TINDAKAN | J10: KESIAPAN KONTROL BERLAKU
B11: =COUNTIFS('Checklist 93 Kontrol'!G7:G99,"Berlaku") | F11: =COUNTIFS('Checklist 93 Kontrol'!Z7:Z99,"Ya") | J11: =IF(B11=0,"Belum ada data",J8/B11)
B14: =IF(F8=93,"Assessment belum dimulai. Tentukan relevansi setiap kontrol pada Checklist 93 Kontrol.",IF(F11>0,"Masih ada kontrol yang memerlukan tindakan atau review jadwal.",IF(F8>0,"Assessment belum lengkap. Lanjutkan kontrol yang belum dinilai.","Seluruh kontrol telah dinilai tanpa action terbuka. Lanjutkan review substantif auditor.")))
B18: Tema | C18: Total | D18: Relevansi diputuskan | E18: Siap | F18: Perlu tindakan | G18: Kesiapan berlaku
B19: Organizational | C19: 37 | D19: =COUNTIFS('Checklist 93 Kontrol'!C7:C99,B19,'Checklist 93 Kontrol'!G7:G99,"<>Belum ditentukan") | E19: =COUNTIFS('Checklist 93 Kontrol'!C7:C99,B19,'Checklist 93 Kontrol'!X7:X99,"Siap") | F19: =COUNTIFS('Checklist 93 Kontrol'!C7:C99,B19,'Checklist 93 Kontrol'!Z7:Z99,"Ya") | G19: =IF(COUNTIFS('Checklist 93 Kontrol'!C7:C99,B19,'Checklist 93 Kontrol'!G7:G99,"Berlaku")=0,"",E19/COUNTIFS('Checklist 93 Kontrol'!C7:C99,B19,'Checklist 93 Kontrol'!G7:G99,"Berlaku"))
B20: People | C20: 8 | D20: =COUNTIFS('Checklist 93 Kontrol'!C7:C99,B20,'Checklist 93 Kontrol'!G7:G99,"<>Belum ditentukan") | E20: =COUNTIFS('Checklist 93 Kontrol'!C7:C99,B20,'Checklist 93 Kontrol'!X7:X99,"Siap") | F20: =COUNTIFS('Checklist 93 Kontrol'!C7:C99,B20,'Checklist 93 Kontrol'!Z7:Z99,"Ya") | G20: =IF(COUNTIFS('Checklist 93 Kontrol'!C7:C99,B20,'Checklist 93 Kontrol'!G7:G99,"Berlaku")=0,"",E20/COUNTIFS('Checklist 93 Kontrol'!C7:C99,B20,'Checklist 93 Kontrol'!G7:G99,"Berlaku"))
B21: Physical | C21: 14 | D21: =COUNTIFS('Checklist 93 Kontrol'!C7:C99,B21,'Checklist 93 Kontrol'!G7:G99,"<>Belum ditentukan") | E21: =COUNTIFS('Checklist 93 Kontrol'!C7:C99,B21,'Checklist 93 Kontrol'!X7:X99,"Siap") | F21: =COUNTIFS('Checklist 93 Kontrol'!C7:C99,B21,'Checklist 93 Kontrol'!Z7:Z99,"Ya") | G21: =IF(COUNTIFS('Checklist 93 Kontrol'!C7:C99,B21,'Checklist 93 Kontrol'!G7:G99,"Berlaku")=0,"",E21/COUNTIFS('Checklist 93 Kontrol'!C7:C99,B21,'Checklist 93 Kontrol'!G7:G99,"Berlaku"))
B22: Technological | C22: 34 | D22: =COUNTIFS('Checklist 93 Kontrol'!C7:C99,B22,'Checklist 93 Kontrol'!G7:G99,"<>Belum ditentukan") | E22: =COUNTIFS('Checklist 93 Kontrol'!C7:C99,B22,'Checklist 93 Kontrol'!X7:X99,"Siap") | F22: =COUNTIFS('Checklist 93 Kontrol'!C7:C99,B22,'Checklist 93 Kontrol'!Z7:Z99,"Ya") | G22: =IF(COUNTIFS('Checklist 93 Kontrol'!C7:C99,B22,'Checklist 93 Kontrol'!G7:G99,"Berlaku")=0,"",E22/COUNTIFS('Checklist 93 Kontrol'!C7:C99,B22,'Checklist 93 Kontrol'!G7:G99,"Berlaku"))
B26: Status kesiapan
B27: Siap | C27: =COUNTIFS('Checklist 93 Kontrol'!X7:X99,"Siap")
B28: Belum siap | C28: =COUNTIFS('Checklist 93 Kontrol'!X7:X99,"Belum siap")
B29: Dikecualikan | C29: =COUNTIFS('Checklist 93 Kontrol'!X7:X99,"Dikecualikan")
B30: Belum dinilai | C30: =COUNTIFS('Checklist 93 Kontrol'!X7:X99,"Belum dinilai")
B35: Catatan metodologi | C35: Kesiapan % = kontrol berstatus Siap ÷ kontrol yang ditetapkan Berlaku. Kontrol Tidak berlaku tidak masuk penyebut.
B38: Navigasi | C38: Petunjuk → Checklist 93 Kontrol → Review Kesiapan

Sheet Petunjuk
B2: PANDUAN PENGGUNAAN
B3: Cara menggunakan checklist tanpa mengaburkan keputusan SoA dan hasil audit
B6: 01. Isi profil | C6: Lengkapi profil dan tanggal acuan pada Master Data. Tanggal acuan menjadi cut-off indikator deadline.
B8: 02. Tentukan relevansi | C8: Nilai setiap kontrol sebagai Berlaku atau Tidak berlaku berdasarkan risiko, ruang lingkup, dan SoA organisasi.
B10: 03. Catat justifikasi | C10: Untuk Tidak berlaku, tulis alasan yang spesifik. Checklist tidak menggantikan Statement of Applicability resmi.
B12: 04. Nilai implementasi | C12: Untuk kontrol Berlaku, isi implementasi, ketersediaan bukti, desain kontrol, dan efektivitas operasional.
B14: 05. Hubungkan bukti | C14: Gunakan Evidence ID atau tautan restricted-access agar kontrol dapat ditelusuri ke Master Audit Evidence Index.
B16: 06. Validasi | C16: Isi reviewer dan tanggal validasi. Status Siap hanya muncul bila penerapan dan bukti memenuhi seluruh gate.
B18: 07. Jadwalkan review | C18: Isi Review berikutnya, termasuk untuk kontrol Tidak berlaku agar keputusan relevansi ditinjau ulang.
B20: 08. Tindak lanjuti gap | C20: Isi catatan, tindakan, prioritas, PIC, dan target. Gunakan Review Kesiapan untuk menyaring action terbuka.
B22: Sel krem | C22: Input pengguna. Sel biru muda adalah formula. Kolom identitas kontrol berwarna netral dan tidak perlu diedit.
B24: Status Siap | C24: Pemeriksaan kelengkapan internal, bukan opini auditor atau jaminan lulus sertifikasi.
B26: Kontrol Tidak berlaku | C26: Baru dianggap Dikecualikan bila justifikasi, reviewer, dan tanggal validasi lengkap.
B28: Keamanan informasi | C28: Jangan tempel password, token, private key, atau data sensitif. Gunakan tautan dengan akses minimum.
B30: Referensi standar | C30: Gunakan bersama ISO/IEC 27001:2022 berlisensi. Ringkasan kontrol dibuat untuk workflow, bukan pengganti teks standar.

Sheet Checklist 93 Kontrol
B2: CHECKLIST KESIAPAN BUKTI — 93 KONTROL ANNEX A
B3: ISO/IEC 27001:2022 — isi sel krem; hasil otomatis tampil pada kolom biru muda
B6: Kontrol | C6: Tema | D6: Judul kontrol | E6: Fokus pemeriksaan | F6: Contoh bukti objektif | G6: Relevansi SoA | H6: Justifikasi relevansi | I6: Status implementasi | J6: Ketersediaan bukti | K6: Evidence ID / URL | L6: PIC | M6: Review terakhir | N6: Review berikutnya | O6: Desain kontrol | P6: Efektivitas operasional | Q6: Catatan / gap | R6: Tindakan perbaikan | S6: Prioritas | T6: Target | U6: Reviewer | V6: Tanggal validasi | W6: Pemeriksaan field | X6: Kesiapan | Y6: Deadline | Z6: Perlu tindakan
B7: A.5.1 | C7: Organizational | D7: Kebijakan keamanan informasi | E7: Kebijakan disetujui, dikomunikasikan, dan ditinjau berkala | F7: Kebijakan, approval, riwayat versi, bukti sosialisasi | G7: Berlaku | H7: Kontrol A.5.1 relevan dan wajib diterapkan pada platform operasional auditsphere.app. | I7: Diterapkan | J7: Lengkap | K7: DOC-ISO-AS-001 | L7: Lead Information Security | M7: 46302 | N7: 46477 | O7: Memadai | P7: Efektif | Q7: Kebijakan keamanan informasi disahkan Manajemen Puncak mencakup seluruh domain sistem AuditSphere. | R7: Pertahankan efektivitas kontrol dan lakukan review operasional berkala | S7: Sedang | T7: 46477 | U7: Dimas (Group Vision) | V7: 46302 | W7: =IF(G7="Belum ditentukan","Tentukan relevansi",IF(G7="Tidak berlaku",IF(OR(H7="",U7="",V7=""),"Lengkapi justifikasi","Tercatat"),IF(OR(J7="",L7="",N7="",O7="",P7=""),"Lengkapi assessment",IF(AND(I7="Diterapkan",J7="Lengkap",O7="Memadai",P7="Efektif",OR(K7="",U7="",V7="")),"Lengkapi bukti/reviewer","Tercatat")))) | X7: =IF(G7="Belum ditentukan","Belum dinilai",IF(G7="Tidak berlaku",IF(W7="Tercatat","Dikecualikan","Belum siap"),IF(AND(I7="Diterapkan",J7="Lengkap",O7="Memadai",P7="Efektif",W7="Tercatat"),"Siap","Belum siap"))) | Y7: =IF(G7="Belum ditentukan","Belum dijadwalkan",IF(N7="","Tanpa jadwal",IF(N7<'Master Data'!$C$9,"Review lewat","Dalam jadwal"))) | Z7: =IF(X7="Belum dinilai","Belum dinilai",IF(AND(OR(X7="Siap",X7="Dikecualikan"),Y7="Dalam jadwal"),"Tidak","Ya"))
B8: A.5.2 | C8: Organizational | D8: Peran dan tanggung jawab keamanan informasi | E8: Peran, kewenangan, dan akuntabilitas keamanan ditetapkan | F8: RACI, job description, surat penunjukan, struktur organisasi | G8: Berlaku | H8: Kontrol A.5.2 relevan dan wajib diterapkan pada platform operasional auditsphere.app. | I8: Diterapkan | J8: Lengkap | K8: DOC-ISO-AS-001-Sec14-RACI | L8: Tech Lead AIFL | M8: 46302 | N8: 46477 | O8: Memadai | P8: Efektif | Q8: Matriks RACI formal menetapkan penanggung jawab development, infrastructure, security, dan QA. | R8: Pertahankan efektivitas kontrol dan lakukan review operasional berkala | S8: Sedang | T8: 46477 | U8: Dimas (Group Vision) | V8: 46302 | W8: =IF(G8="Belum ditentukan","Tentukan relevansi",IF(G8="Tidak berlaku",IF(OR(H8="",U8="",V8=""),"Lengkapi justifikasi","Tercatat"),IF(OR(J8="",L8="",N8="",O8="",P8=""),"Lengkapi assessment",IF(AND(I8="Diterapkan",J8="Lengkap",O8="Memadai",P8="Efektif",OR(K8="",U8="",V8="")),"Lengkapi bukti/reviewer","Tercatat")))) | X8: =IF(G8="Belum ditentukan","Belum dinilai",IF(G8="Tidak berlaku",IF(W8="Tercatat","Dikecualikan","Belum siap"),IF(AND(I8="Diterapkan",J8="Lengkap",O8="Memadai",P8="Efektif",W8="Tercatat"),"Siap","Belum siap"))) | Y8: =IF(G8="Belum ditentukan","Belum dijadwalkan",IF(N8="","Tanpa jadwal",IF(N8<'Master Data'!$C$9,"Review lewat","Dalam jadwal"))) | Z8: =IF(X8="Belum dinilai","Belum dinilai",IF(AND(OR(X8="Siap",X8="Dikecualikan"),Y8="Dalam jadwal"),"Tidak","Ya"))
B9: A.5.3 | C9: Organizational | D9: Pemisahan tugas | E9: Tugas yang berpotensi konflik dipisahkan atau dikompensasi | F9: Matriks SoD, approval workflow, daftar konflik dan kompensasi | G9: Berlaku | H9: Kontrol A.5.3 relevan dan wajib diterapkan pada platform operasional auditsphere.app. | I9: Diterapkan | J9: Lengkap | K9: SRC-backend/auth-service/models/user.go | L9: Engineering Lead | M9: 46302 | N9: 46477 | O9: Memadai | P9: Efektif | Q9: Pemisahan wewenang RBAC 5-level: CAE, Lead Auditor, Auditor, Reviewer, dan Administrator. | R9: Pertahankan efektivitas kontrol dan lakukan review operasional berkala | S9: Sedang | T9: 46477 | U9: Dimas (Group Vision) | V9: 46302 | W9: =IF(G9="Belum ditentukan","Tentukan relevansi",IF(G9="Tidak berlaku",IF(OR(H9="",U9="",V9=""),"Lengkapi justifikasi","Tercatat"),IF(OR(J9="",L9="",N9="",O9="",P9=""),"Lengkapi assessment",IF(AND(I9="Diterapkan",J9="Lengkap",O9="Memadai",P9="Efektif",OR(K9="",U9="",V9="")),"Lengkapi bukti/reviewer","Tercatat")))) | X9: =IF(G9="Belum ditentukan","Belum dinilai",IF(G9="Tidak berlaku",IF(W9="Tercatat","Dikecualikan","Belum siap"),IF(AND(I9="Diterapkan",J9="Lengkap",O9="Memadai",P9="Efektif",W9="Tercatat"),"Siap","Belum siap"))) | Y9: =IF(G9="Belum ditentukan","Belum dijadwalkan",IF(N9="","Tanpa jadwal",IF(N9<'Master Data'!$C$9,"Review lewat","Dalam jadwal"))) | Z9: =IF(X9="Belum dinilai","Belum dinilai",IF(AND(OR(X9="Siap",X9="Dikecualikan"),Y9="Dalam jadwal"),"Tidak","Ya"))
B10: A.5.4 | C10: Organizational | D10: Tanggung jawab manajemen | E10: Manajemen memastikan personel mengikuti aturan keamanan | F10: Arahan manajemen, acknowledgement, notulen, bukti monitoring | G10: Berlaku | H10: Kontrol A.5.4 relevan dan wajib diterapkan pada platform operasional auditsphere.app. | I10: Diterapkan | J10: Lengkap | K10: DOC-ISO-AS-001-Sec1.1 | L10: Dimas (Group Vision) | M10: 46302 | N10: 46477 | O10: Memadai | P10: Efektif | Q10: Pimpinan secara aktif mengesahkan kebijakan, sasaran mutu keamanan, dan alokasi sumber daya. | R10: Pertahankan efektivitas kontrol dan lakukan review operasional berkala | S10: Sedang | T10: 46477 | U10: Dimas (Group Vision) | V10: 46302 | W10: =IF(G10="Belum ditentukan","Tentukan relevansi",IF(G10="Tidak berlaku",IF(OR(H10="",U10="",V10=""),"Lengkapi justifikasi","Tercatat"),IF(OR(J10="",L10="",N10="",O10="",P10=""),"Lengkapi assessment",IF(AND(I10="Diterapkan",J10="Lengkap",O10="Memadai",P10="Efektif",OR(K10="",U10="",V10="")),"Lengkapi bukti/reviewer","Tercatat")))) | X10: =IF(G10="Belum ditentukan","Belum dinilai",IF(G10="Tidak berlaku",IF(W10="Tercatat","Dikecualikan","Belum siap"),IF(AND(I10="Diterapkan",J10="Lengkap",O10="Memadai",P10="Efektif",W10="Tercatat"),"Siap","Belum siap"))) | Y10: =IF(G10="Belum ditentukan","Belum dijadwalkan",IF(N10="","Tanpa jadwal",IF(N10<'Master Data'!$C$9,"Review lewat","Dalam jadwal"))) | Z10: =IF(X10="Belum dinilai","Belum dinilai",IF(AND(OR(X10="Siap",X10="Dikecualikan"),Y10="Dalam jadwal"),"Tidak","Ya"))
B11: A.5.5 | C11: Organizational | D11: Kontak dengan pihak berwenang | E11: Kontak otoritas relevan tersedia dan prosedur eskalasi jelas | F11: Daftar kontak, prosedur pelaporan, bukti komunikasi atau uji | G11: Berlaku | H11: Kontrol A.5.5 relevan dan wajib diterapkan pada platform operasional auditsphere.app. | I11: Diterapkan | J11: Lengkap | K11: DOC-ISO-AS-001-Sec11.2 | L11: Legal Counsel | M11: 46302 | N11: 46477 | O11: Memadai | P11: Efektif | Q11: Prosedur komunikasi eskalasi ke regulator dan otoritas hukum (BSSN/Kominfo) terdokumentasi. | R11: Pertahankan efektivitas kontrol dan lakukan review operasional berkala | S11: Sedang | T11: 46477 | U11: Dimas (Group Vision) | V11: 46302 | W11: =IF(G11="Belum ditentukan","Tentukan relevansi",IF(G11="Tidak berlaku",IF(OR(H11="",U11="",V11=""),"Lengkapi justifikasi","Tercatat"),IF(OR(J11="",L11="",N11="",O11="",P11=""),"Lengkapi assessment",IF(AND(I11="Diterapkan",J11="Lengkap",O11="Memadai",P11="Efektif",OR(K11="",U11="",V11="")),"Lengkapi bukti/reviewer","Tercatat")))) | X11: =IF(G11="Belum ditentukan","Belum dinilai",IF(G11="Tidak berlaku",IF(W11="Tercatat","Dikecualikan","Belum siap"),IF(AND(I11="Diterapkan",J11="Lengkap",O11="Memadai",P11="Efektif",W11="Tercatat"),"Siap","Belum siap"))) | Y11: =IF(G11="Belum ditentukan","Belum dijadwalkan",IF(N11="","Tanpa jadwal",IF(N11<'Master Data'!$C$9,"Review lewat","Dalam jadwal"))) | Z11: =IF(X11="Belum dinilai","Belum dinilai",IF(AND(OR(X11="Siap",X11="Dikecualikan"),Y11="Dalam jadwal"),"Tidak","Ya"))
B12: A.5.6 | C12: Organizational | D12: Kontak dengan kelompok minat khusus | E12: Organisasi memelihara sumber informasi dan komunitas keamanan relevan | F12: Daftar keanggotaan, mailing list, notulen forum, advisory | G12: Berlaku | H12: Penting untuk memperbarui informasi ancaman siber dan tren regulasi audit sektor keuangan terkini. | L12: Security Officer | M12: 46302 | N12: 46418 | Q12: Organisasi belum terdaftar resmi sebagai anggota forum keamanan khusus (seperti Fin-CSIRT atau ISAC sektor finansial). | R12: Rekomendasi: Daftarkan tim keamanan ke komunitas CSIRT/ISAC sektor finansial dan asosiasi profesional (ISACA / IIA Chapter Indonesia) untuk pertukaran intelijen ancaman siber berkala. | S12: Rendah | T12: 46418 | W12: =IF(G12="Belum ditentukan","Tentukan relevansi",IF(G12="Tidak berlaku",IF(OR(H12="",U12="",V12=""),"Lengkapi justifikasi","Tercatat"),IF(OR(J12="",L12="",N12="",O12="",P12=""),"Lengkapi assessment",IF(AND(I12="Diterapkan",J12="Lengkap",O12="Memadai",P12="Efektif",OR(K12="",U12="",V12="")),"Lengkapi bukti/reviewer","Tercatat")))) | X12: =IF(G12="Belum ditentukan","Belum dinilai",IF(G12="Tidak berlaku",IF(W12="Tercatat","Dikecualikan","Belum siap"),IF(AND(I12="Diterapkan",J12="Lengkap",O12="Memadai",P12="Efektif",W12="Tercatat"),"Siap","Belum siap"))) | Y12: =IF(G12="Belum ditentukan","Belum dijadwalkan",IF(N12="","Tanpa jadwal",IF(N12<'Master Data'!$C$9,"Review lewat","Dalam jadwal"))) | Z12: =IF(X12="Belum dinilai","Belum dinilai",IF(AND(OR(X12="Siap",X12="Dikecualikan"),Y12="Dalam jadwal"),"Tidak","Ya"))
B13: A.5.7 | C13: Organizational | D13: Intelijen ancaman | E13: Ancaman dikumpulkan, dianalisis, dan digunakan untuk tindakan | F13: Threat feed, laporan analisis, tiket mitigasi, briefing risiko | G13: Berlaku | H13: Dibutuhkan untuk mengidentifikasi ancaman spesifik pada sistem RBIA (exfiltration, auth bypass, fraud). | L13: SOC Lead | M13: 46302 | N13: 46387 | Q13: Dokumen TIP-001 tersedia, namun automated feed CTI (BSSN/OpenCTI) ke firewall perimeter belum diintegrasikan. | R13: Rekomendasi: Integrasikan feed IoC otomatis (OpenCTI / AlienVault OTX) ke Kong WAF/firewall dan jadwalkan evaluasi false-positive rate berkala. | S13: Sedang | T13: 46387 | W13: =IF(G13="Belum ditentukan","Tentukan relevansi",IF(G13="Tidak berlaku",IF(OR(H13="",U13="",V13=""),"Lengkapi justifikasi","Tercatat"),IF(OR(J13="",L13="",N13="",O13="",P13=""),"Lengkapi assessment",IF(AND(I13="Diterapkan",J13="Lengkap",O13="Memadai",P13="Efektif",OR(K13="",U13="",V13="")),"Lengkapi bukti/reviewer","Tercatat")))) | X13: =IF(G13="Belum ditentukan","Belum dinilai",IF(G13="Tidak berlaku",IF(W13="Tercatat","Dikecualikan","Belum siap"),IF(AND(I13="Diterapkan",J13="Lengkap",O13="Memadai",P13="Efektif",W13="Tercatat"),"Siap","Belum siap"))) | Y13: =IF(G13="Belum ditentukan","Belum dijadwalkan",IF(N13="","Tanpa jadwal",IF(N13<'Master Data'!$C$9,"Review lewat","Dalam jadwal"))) | Z13: =IF(X13="Belum dinilai","Belum dinilai",IF(AND(OR(X13="Siap",X13="Dikecualikan"),Y13="Dalam jadwal"),"Tidak","Ya"))
B14: A.5.8 | C14: Organizational | D14: Keamanan informasi dalam manajemen proyek | E14: Risiko keamanan terintegrasi pada seluruh siklus proyek | F14: Template proyek, risk register, gate review, security sign-off | G14: Berlaku | H14: Kontrol A.5.8 relevan dan wajib diterapkan pada platform operasional auditsphere.app. | I14: Diterapkan | J14: Lengkap | K14: DOC-TMT-001_Threat_Modeling | L14: Security Architect | M14: 46302 | N14: 46477 | O14: Memadai | P14: Efektif | Q14: Penilaian risiko keamanan terintegrasi pada fase perancangan sistem dan sprint rilis. | R14: Pertahankan efektivitas kontrol dan lakukan review operasional berkala | S14: Sedang | T14: 46477 | U14: Dimas (Group Vision) | V14: 46302 | W14: =IF(G14="Belum ditentukan","Tentukan relevansi",IF(G14="Tidak berlaku",IF(OR(H14="",U14="",V14=""),"Lengkapi justifikasi","Tercatat"),IF(OR(J14="",L14="",N14="",O14="",P14=""),"Lengkapi assessment",IF(AND(I14="Diterapkan",J14="Lengkap",O14="Memadai",P14="Efektif",OR(K14="",U14="",V14="")),"Lengkapi bukti/reviewer","Tercatat")))) | X14: =IF(G14="Belum ditentukan","Belum dinilai",IF(G14="Tidak berlaku",IF(W14="Tercatat","Dikecualikan","Belum siap"),IF(AND(I14="Diterapkan",J14="Lengkap",O14="Memadai",P14="Efektif",W14="Tercatat"),"Siap","Belum siap"))) | Y14: =IF(G14="Belum ditentukan","Belum dijadwalkan",IF(N14="","Tanpa jadwal",IF(N14<'Master Data'!$C$9,"Review lewat","Dalam jadwal"))) | Z14: =IF(X14="Belum dinilai","Belum dinilai",IF(AND(OR(X14="Siap",X14="Dikecualikan"),Y14="Dalam jadwal"),"Tidak","Ya"))
B15: A.5.9 | C15: Organizational | D15: Inventaris informasi dan aset terkait | E15: Aset memiliki pemilik, klasifikasi, lokasi, dan status terkini | F15: Asset register, CMDB, daftar pemilik, hasil rekonsiliasi | G15: Berlaku | H15: Kontrol A.5.9 relevan dan wajib diterapkan pada platform operasional auditsphere.app. | I15: Diterapkan | J15: Lengkap | K15: DOC-ISO-AS-001-Sec4.2 | L15: Lead Information Security | M15: 46302 | N15: 46477 | O15: Memadai | P15: Efektif | Q15: Inventarisasi aset informasi (source code, database, evidence, kredensial) tercatat lengkap. | R15: Pertahankan efektivitas kontrol dan lakukan review operasional berkala | S15: Sedang | T15: 46477 | U15: Dimas (Group Vision) | V15: 46302 | W15: =IF(G15="Belum ditentukan","Tentukan relevansi",IF(G15="Tidak berlaku",IF(OR(H15="",U15="",V15=""),"Lengkapi justifikasi","Tercatat"),IF(OR(J15="",L15="",N15="",O15="",P15=""),"Lengkapi assessment",IF(AND(I15="Diterapkan",J15="Lengkap",O15="Memadai",P15="Efektif",OR(K15="",U15="",V15="")),"Lengkapi bukti/reviewer","Tercatat")))) | X15: =IF(G15="Belum ditentukan","Belum dinilai",IF(G15="Tidak berlaku",IF(W15="Tercatat","Dikecualikan","Belum siap"),IF(AND(I15="Diterapkan",J15="Lengkap",O15="Memadai",P15="Efektif",W15="Tercatat"),"Siap","Belum siap"))) | Y15: =IF(G15="Belum ditentukan","Belum dijadwalkan",IF(N15="","Tanpa jadwal",IF(N15<'Master Data'!$C$9,"Review lewat","Dalam jadwal"))) | Z15: =IF(X15="Belum dinilai","Belum dinilai",IF(AND(OR(X15="Siap",X15="Dikecualikan"),Y15="Dalam jadwal"),"Tidak","Ya"))
B16: A.5.10 | C16: Organizational | D16: Penggunaan yang dapat diterima | E16: Aturan penggunaan aset dan informasi ditetapkan dan dipahami | F16: Acceptable use policy, acknowledgement, bukti sosialisasi | G16: Berlaku | H16: Kontrol A.5.10 relevan dan wajib diterapkan pada platform operasional auditsphere.app. | I16: Diterapkan | J16: Lengkap | K16: DOC-AIP-001_AI_Usage_Policy | L16: Security Officer | M16: 46302 | N16: 46477 | O16: Memadai | P16: Efektif | Q16: Pedoman penggunaan aset komputasi dan pemanfaatan AI yang diizinkan dan dilarang disahkan. | R16: Pertahankan efektivitas kontrol dan lakukan review operasional berkala | S16: Sedang | T16: 46477 | U16: Dimas (Group Vision) | V16: 46302 | W16: =IF(G16="Belum ditentukan","Tentukan relevansi",IF(G16="Tidak berlaku",IF(OR(H16="",U16="",V16=""),"Lengkapi justifikasi","Tercatat"),IF(OR(J16="",L16="",N16="",O16="",P16=""),"Lengkapi assessment",IF(AND(I16="Diterapkan",J16="Lengkap",O16="Memadai",P16="Efektif",OR(K16="",U16="",V16="")),"Lengkapi bukti/reviewer","Tercatat")))) | X16: =IF(G16="Belum ditentukan","Belum dinilai",IF(G16="Tidak berlaku",IF(W16="Tercatat","Dikecualikan","Belum siap"),IF(AND(I16="Diterapkan",J16="Lengkap",O16="Memadai",P16="Efektif",W16="Tercatat"),"Siap","Belum siap"))) | Y16: =IF(G16="Belum ditentukan","Belum dijadwalkan",IF(N16="","Tanpa jadwal",IF(N16<'Master Data'!$C$9,"Review lewat","Dalam jadwal"))) | Z16: =IF(X16="Belum dinilai","Belum dinilai",IF(AND(OR(X16="Siap",X16="Dikecualikan"),Y16="Dalam jadwal"),"Tidak","Ya"))
B17: A.5.11 | C17: Organizational | D17: Pengembalian aset | E17: Aset dikembalikan saat perubahan atau akhir hubungan kerja | F17: Offboarding checklist, BA pengembalian, tiket deaktivasi | G17: Berlaku | H17: Mencegah kebocoran data saat karyawan atau pengembang mengakhiri masa penugasan. | L17: HR / Operations Lead | M17: 46302 | N17: 46356 | Q17: Formulir checklist serah terima aset IT dan pencabutan hak akses terpadu dengan HR belum dibakukan. | R17: Rekomendasi: Susun SOP HR-Offboarding Checklist resmi yang mewajibkan penyerahan laptop, token 2FA, dan verifikasi pencabutan akses sebelum rilis surat keluar. | S17: Sedang | T17: 46356 | W17: =IF(G17="Belum ditentukan","Tentukan relevansi",IF(G17="Tidak berlaku",IF(OR(H17="",U17="",V17=""),"Lengkapi justifikasi","Tercatat"),IF(OR(J17="",L17="",N17="",O17="",P17=""),"Lengkapi assessment",IF(AND(I17="Diterapkan",J17="Lengkap",O17="Memadai",P17="Efektif",OR(K17="",U17="",V17="")),"Lengkapi bukti/reviewer","Tercatat")))) | X17: =IF(G17="Belum ditentukan","Belum dinilai",IF(G17="Tidak berlaku",IF(W17="Tercatat","Dikecualikan","Belum siap"),IF(AND(I17="Diterapkan",J17="Lengkap",O17="Memadai",P17="Efektif",W17="Tercatat"),"Siap","Belum siap"))) | Y17: =IF(G17="Belum ditentukan","Belum dijadwalkan",IF(N17="","Tanpa jadwal",IF(N17<'Master Data'!$C$9,"Review lewat","Dalam jadwal"))) | Z17: =IF(X17="Belum dinilai","Belum dinilai",IF(AND(OR(X17="Siap",X17="Dikecualikan"),Y17="Dalam jadwal"),"Tidak","Ya"))
B18: A.5.12 | C18: Organizational | D18: Klasifikasi informasi | E18: Informasi diklasifikasikan sesuai risiko dan kebutuhan bisnis | F18: Skema klasifikasi, inventaris informasi, sampel klasifikasi | G18: Berlaku | H18: Kontrol A.5.12 relevan dan wajib diterapkan pada platform operasional auditsphere.app. | I18: Diterapkan | J18: Lengkap | K18: DOC-ISO-AS-001-Sec4.2 | L18: Compliance Lead | M18: 46302 | N18: 46477 | O18: Memadai | P18: Efektif | Q18: Klasifikasi informasi 4 tingkat (Public, Internal, Confidential, Restricted) diterapkan pada sistem. | R18: Pertahankan efektivitas kontrol dan lakukan review operasional berkala | S18: Sedang | T18: 46477 | U18: Dimas (Group Vision) | V18: 46302 | W18: =IF(G18="Belum ditentukan","Tentukan relevansi",IF(G18="Tidak berlaku",IF(OR(H18="",U18="",V18=""),"Lengkapi justifikasi","Tercatat"),IF(OR(J18="",L18="",N18="",O18="",P18=""),"Lengkapi assessment",IF(AND(I18="Diterapkan",J18="Lengkap",O18="Memadai",P18="Efektif",OR(K18="",U18="",V18="")),"Lengkapi bukti/reviewer","Tercatat")))) | X18: =IF(G18="Belum ditentukan","Belum dinilai",IF(G18="Tidak berlaku",IF(W18="Tercatat","Dikecualikan","Belum siap"),IF(AND(I18="Diterapkan",J18="Lengkap",O18="Memadai",P18="Efektif",W18="Tercatat"),"Siap","Belum siap"))) | Y18: =IF(G18="Belum ditentukan","Belum dijadwalkan",IF(N18="","Tanpa jadwal",IF(N18<'Master Data'!$C$9,"Review lewat","Dalam jadwal"))) | Z18: =IF(X18="Belum dinilai","Belum dinilai",IF(AND(OR(X18="Siap",X18="Dikecualikan"),Y18="Dalam jadwal"),"Tidak","Ya"))
B19: A.5.13 | C19: Organizational | D19: Pelabelan informasi | E19: Label konsisten dengan skema klasifikasi dan media | F19: Prosedur label, sampel dokumen/email, konfigurasi DLP | G19: Berlaku | H19: Kontrol A.5.13 relevan dan wajib diterapkan pada platform operasional auditsphere.app. | I19: Diterapkan | J19: Lengkap | K19: SRC-frontend/pages/audit-result-reports | L19: Lead Developer | M19: 46302 | N19: 46477 | O19: Memadai | P19: Efektif | Q19: Dynamic watermark berisi identitas pengguna dan timestamp diterapkan pada dokumen unduhan audit. | R19: Pertahankan efektivitas kontrol dan lakukan review operasional berkala | S19: Sedang | T19: 46477 | U19: Dimas (Group Vision) | V19: 46302 | W19: =IF(G19="Belum ditentukan","Tentukan relevansi",IF(G19="Tidak berlaku",IF(OR(H19="",U19="",V19=""),"Lengkapi justifikasi","Tercatat"),IF(OR(J19="",L19="",N19="",O19="",P19=""),"Lengkapi assessment",IF(AND(I19="Diterapkan",J19="Lengkap",O19="Memadai",P19="Efektif",OR(K19="",U19="",V19="")),"Lengkapi bukti/reviewer","Tercatat")))) | X19: =IF(G19="Belum ditentukan","Belum dinilai",IF(G19="Tidak berlaku",IF(W19="Tercatat","Dikecualikan","Belum siap"),IF(AND(I19="Diterapkan",J19="Lengkap",O19="Memadai",P19="Efektif",W19="Tercatat"),"Siap","Belum siap"))) | Y19: =IF(G19="Belum ditentukan","Belum dijadwalkan",IF(N19="","Tanpa jadwal",IF(N19<'Master Data'!$C$9,"Review lewat","Dalam jadwal"))) | Z19: =IF(X19="Belum dinilai","Belum dinilai",IF(AND(OR(X19="Siap",X19="Dikecualikan"),Y19="Dalam jadwal"),"Tidak","Ya"))
B20: A.5.14 | C20: Organizational | D20: Transfer informasi | E20: Transfer internal dan eksternal memiliki aturan dan perlindungan | F20: Prosedur transfer, NDA, konfigurasi enkripsi, transfer log | G20: Berlaku | H20: Kontrol A.5.14 relevan dan wajib diterapkan pada platform operasional auditsphere.app. | I20: Diterapkan | J20: Lengkap | K20: TEC-Kong-TLS1.3-Config | L20: DevOps Lead | M20: 46302 | N20: 46477 | O20: Memadai | P20: Efektif | Q20: Enkripsi data in-transit TLS 1.3 ditegakkan pada seluruh rute API publik auditsphere.app. | R20: Pertahankan efektivitas kontrol dan lakukan review operasional berkala | S20: Sedang | T20: 46477 | U20: Dimas (Group Vision) | V20: 46302 | W20: =IF(G20="Belum ditentukan","Tentukan relevansi",IF(G20="Tidak berlaku",IF(OR(H20="",U20="",V20=""),"Lengkapi justifikasi","Tercatat"),IF(OR(J20="",L20="",N20="",O20="",P20=""),"Lengkapi assessment",IF(AND(I20="Diterapkan",J20="Lengkap",O20="Memadai",P20="Efektif",OR(K20="",U20="",V20="")),"Lengkapi bukti/reviewer","Tercatat")))) | X20: =IF(G20="Belum ditentukan","Belum dinilai",IF(G20="Tidak berlaku",IF(W20="Tercatat","Dikecualikan","Belum siap"),IF(AND(I20="Diterapkan",J20="Lengkap",O20="Memadai",P20="Efektif",W20="Tercatat"),"Siap","Belum siap"))) | Y20: =IF(G20="Belum ditentukan","Belum dijadwalkan",IF(N20="","Tanpa jadwal",IF(N20<'Master Data'!$C$9,"Review lewat","Dalam jadwal"))) | Z20: =IF(X20="Belum dinilai","Belum dinilai",IF(AND(OR(X20="Siap",X20="Dikecualikan"),Y20="Dalam jadwal"),"Tidak","Ya"))
B21: A.5.15 | C21: Organizational | D21: Pengendalian akses | E21: Aturan akses berbasis kebutuhan bisnis dan least privilege | F21: Access control policy, matriks akses, hasil review akses | G21: Berlaku | H21: Kontrol A.5.15 relevan dan wajib diterapkan pada platform operasional auditsphere.app. | I21: Diterapkan | J21: Lengkap | K21: SRC-backend/auth-service/pkg/middleware/auth.go | L21: Engineering Lead | M21: 46302 | N21: 46477 | O21: Memadai | P21: Efektif | Q21: Pengendalian akses least-privilege diterapkan pada middleware otorisasi backend Go. | R21: Pertahankan efektivitas kontrol dan lakukan review operasional berkala | S21: Sedang | T21: 46477 | U21: Dimas (Group Vision) | V21: 46302 | W21: =IF(G21="Belum ditentukan","Tentukan relevansi",IF(G21="Tidak berlaku",IF(OR(H21="",U21="",V21=""),"Lengkapi justifikasi","Tercatat"),IF(OR(J21="",L21="",N21="",O21="",P21=""),"Lengkapi assessment",IF(AND(I21="Diterapkan",J21="Lengkap",O21="Memadai",P21="Efektif",OR(K21="",U21="",V21="")),"Lengkapi bukti/reviewer","Tercatat")))) | X21: =IF(G21="Belum ditentukan","Belum dinilai",IF(G21="Tidak berlaku",IF(W21="Tercatat","Dikecualikan","Belum siap"),IF(AND(I21="Diterapkan",J21="Lengkap",O21="Memadai",P21="Efektif",W21="Tercatat"),"Siap","Belum siap"))) | Y21: =IF(G21="Belum ditentukan","Belum dijadwalkan",IF(N21="","Tanpa jadwal",IF(N21<'Master Data'!$C$9,"Review lewat","Dalam jadwal"))) | Z21: =IF(X21="Belum dinilai","Belum dinilai",IF(AND(OR(X21="Siap",X21="Dikecualikan"),Y21="Dalam jadwal"),"Tidak","Ya"))
B22: A.5.16 | C22: Organizational | D22: Manajemen identitas | E22: Siklus hidup identitas dikelola dari pembuatan hingga penghapusan | F22: Prosedur IAM, joiner-mover-leaver log, daftar akun | G22: Berlaku | H22: Kontrol A.5.16 relevan dan wajib diterapkan pada platform operasional auditsphere.app. | I22: Diterapkan | J22: Lengkap | K22: SRC-backend/auth-service/services/user | L22: Engineering Lead | M22: 46302 | N22: 46477 | O22: Memadai | P22: Efektif | Q22: Manajemen siklus hidup akun pengguna, registrasi, penguncian lockout 5x gagal, dan deaktifasi. | R22: Pertahankan efektivitas kontrol dan lakukan review operasional berkala | S22: Sedang | T22: 46477 | U22: Dimas (Group Vision) | V22: 46302 | W22: =IF(G22="Belum ditentukan","Tentukan relevansi",IF(G22="Tidak berlaku",IF(OR(H22="",U22="",V22=""),"Lengkapi justifikasi","Tercatat"),IF(OR(J22="",L22="",N22="",O22="",P22=""),"Lengkapi assessment",IF(AND(I22="Diterapkan",J22="Lengkap",O22="Memadai",P22="Efektif",OR(K22="",U22="",V22="")),"Lengkapi bukti/reviewer","Tercatat")))) | X22: =IF(G22="Belum ditentukan","Belum dinilai",IF(G22="Tidak berlaku",IF(W22="Tercatat","Dikecualikan","Belum siap"),IF(AND(I22="Diterapkan",J22="Lengkap",O22="Memadai",P22="Efektif",W22="Tercatat"),"Siap","Belum siap"))) | Y22: =IF(G22="Belum ditentukan","Belum dijadwalkan",IF(N22="","Tanpa jadwal",IF(N22<'Master Data'!$C$9,"Review lewat","Dalam jadwal"))) | Z22: =IF(X22="Belum dinilai","Belum dinilai",IF(AND(OR(X22="Siap",X22="Dikecualikan"),Y22="Dalam jadwal"),"Tidak","Ya"))
B23: A.5.17 | C23: Organizational | D23: Informasi autentikasi | E23: Kredensial diterbitkan, disimpan, dan digunakan secara aman | F23: Password/MFA policy, konfigurasi, proses reset, sampel log | G23: Berlaku | H23: Kontrol A.5.17 relevan dan wajib diterapkan pada platform operasional auditsphere.app. | I23: Diterapkan | J23: Lengkap | K23: SRC-backend/auth-service/pkg/utils/password.go | L23: Lead Developer | M23: 46302 | N23: 46477 | O23: Memadai | P23: Efektif | Q23: Hashing kredensial menggunakan bcrypt dan perlindungan secret MFA TOTP di database terenkripsi. | R23: Pertahankan efektivitas kontrol dan lakukan review operasional berkala | S23: Sedang | T23: 46477 | U23: Dimas (Group Vision) | V23: 46302 | W23: =IF(G23="Belum ditentukan","Tentukan relevansi",IF(G23="Tidak berlaku",IF(OR(H23="",U23="",V23=""),"Lengkapi justifikasi","Tercatat"),IF(OR(J23="",L23="",N23="",O23="",P23=""),"Lengkapi assessment",IF(AND(I23="Diterapkan",J23="Lengkap",O23="Memadai",P23="Efektif",OR(K23="",U23="",V23="")),"Lengkapi bukti/reviewer","Tercatat")))) | X23: =IF(G23="Belum ditentukan","Belum dinilai",IF(G23="Tidak berlaku",IF(W23="Tercatat","Dikecualikan","Belum siap"),IF(AND(I23="Diterapkan",J23="Lengkap",O23="Memadai",P23="Efektif",W23="Tercatat"),"Siap","Belum siap"))) | Y23: =IF(G23="Belum ditentukan","Belum dijadwalkan",IF(N23="","Tanpa jadwal",IF(N23<'Master Data'!$C$9,"Review lewat","Dalam jadwal"))) | Z23: =IF(X23="Belum dinilai","Belum dinilai",IF(AND(OR(X23="Siap",X23="Dikecualikan"),Y23="Dalam jadwal"),"Tidak","Ya"))
B24: A.5.18 | C24: Organizational | D24: Hak akses | E24: Pemberian, perubahan, review, dan pencabutan akses dikendalikan | F24: Form akses, approval, recertification report, tiket pencabutan | G24: Berlaku | H24: Kontrol A.5.18 relevan dan wajib diterapkan pada platform operasional auditsphere.app. | I24: Diterapkan | J24: Lengkap | K24: SRC-backend/auth-service/controllers/auth | L24: Engineering Lead | M24: 46302 | N24: 46477 | O24: Memadai | P24: Efektif | Q24: Pemberian dan pencabutan hak akses terkelola terpusat dengan jadwal evaluasi berkala. | R24: Pertahankan efektivitas kontrol dan lakukan review operasional berkala | S24: Sedang | T24: 46477 | U24: Dimas (Group Vision) | V24: 46302 | W24: =IF(G24="Belum ditentukan","Tentukan relevansi",IF(G24="Tidak berlaku",IF(OR(H24="",U24="",V24=""),"Lengkapi justifikasi","Tercatat"),IF(OR(J24="",L24="",N24="",O24="",P24=""),"Lengkapi assessment",IF(AND(I24="Diterapkan",J24="Lengkap",O24="Memadai",P24="Efektif",OR(K24="",U24="",V24="")),"Lengkapi bukti/reviewer","Tercatat")))) | X24: =IF(G24="Belum ditentukan","Belum dinilai",IF(G24="Tidak berlaku",IF(W24="Tercatat","Dikecualikan","Belum siap"),IF(AND(I24="Diterapkan",J24="Lengkap",O24="Memadai",P24="Efektif",W24="Tercatat"),"Siap","Belum siap"))) | Y24: =IF(G24="Belum ditentukan","Belum dijadwalkan",IF(N24="","Tanpa jadwal",IF(N24<'Master Data'!$C$9,"Review lewat","Dalam jadwal"))) | Z24: =IF(X24="Belum dinilai","Belum dinilai",IF(AND(OR(X24="Siap",X24="Dikecualikan"),Y24="Dalam jadwal"),"Tidak","Ya"))
B25: A.5.19 | C25: Organizational | D25: Keamanan dalam hubungan pemasok | E25: Risiko keamanan pemasok dinilai dan dikelola | F25: Vendor risk assessment, klasifikasi vendor, due diligence | G25: Berlaku | H25: Kontrol A.5.19 relevan dan wajib diterapkan pada platform operasional auditsphere.app. | I25: Diterapkan | J25: Lengkap | K25: DOC-CPA-001_Cloud_Provider_Assessment | L25: DevOps Lead | M25: 46302 | N25: 46477 | O25: Memadai | P25: Efektif | Q25: Asesmen risiko penyedia cloud (CPA-001) dilakukan sebelum pengadaan infrastruktur. | R25: Pertahankan efektivitas kontrol dan lakukan review operasional berkala | S25: Sedang | T25: 46477 | U25: Dimas (Group Vision) | V25: 46302 | W25: =IF(G25="Belum ditentukan","Tentukan relevansi",IF(G25="Tidak berlaku",IF(OR(H25="",U25="",V25=""),"Lengkapi justifikasi","Tercatat"),IF(OR(J25="",L25="",N25="",O25="",P25=""),"Lengkapi assessment",IF(AND(I25="Diterapkan",J25="Lengkap",O25="Memadai",P25="Efektif",OR(K25="",U25="",V25="")),"Lengkapi bukti/reviewer","Tercatat")))) | X25: =IF(G25="Belum ditentukan","Belum dinilai",IF(G25="Tidak berlaku",IF(W25="Tercatat","Dikecualikan","Belum siap"),IF(AND(I25="Diterapkan",J25="Lengkap",O25="Memadai",P25="Efektif",W25="Tercatat"),"Siap","Belum siap"))) | Y25: =IF(G25="Belum ditentukan","Belum dijadwalkan",IF(N25="","Tanpa jadwal",IF(N25<'Master Data'!$C$9,"Review lewat","Dalam jadwal"))) | Z25: =IF(X25="Belum dinilai","Belum dinilai",IF(AND(OR(X25="Siap",X25="Dikecualikan"),Y25="Dalam jadwal"),"Tidak","Ya"))
B26: A.5.20 | C26: Organizational | D26: Keamanan dalam perjanjian pemasok | E26: Persyaratan keamanan dimasukkan ke kontrak pemasok | F26: Kontrak, SLA, DPA, security schedule, daftar klausul | G26: Berlaku | H26: Kontrol A.5.20 relevan dan wajib diterapkan pada platform operasional auditsphere.app. | I26: Diterapkan | J26: Lengkap | K26: DOC-CPA-001-DPA-Annex | L26: Legal Counsel | M26: 46302 | N26: 46477 | O26: Memadai | P26: Efektif | Q26: Perjanjian pemrosesan data (DPA) dan kepatuhan UU PDP No. 27/2022 tercantum dalam kontrak vendor. | R26: Pertahankan efektivitas kontrol dan lakukan review operasional berkala | S26: Sedang | T26: 46477 | U26: Dimas (Group Vision) | V26: 46302 | W26: =IF(G26="Belum ditentukan","Tentukan relevansi",IF(G26="Tidak berlaku",IF(OR(H26="",U26="",V26=""),"Lengkapi justifikasi","Tercatat"),IF(OR(J26="",L26="",N26="",O26="",P26=""),"Lengkapi assessment",IF(AND(I26="Diterapkan",J26="Lengkap",O26="Memadai",P26="Efektif",OR(K26="",U26="",V26="")),"Lengkapi bukti/reviewer","Tercatat")))) | X26: =IF(G26="Belum ditentukan","Belum dinilai",IF(G26="Tidak berlaku",IF(W26="Tercatat","Dikecualikan","Belum siap"),IF(AND(I26="Diterapkan",J26="Lengkap",O26="Memadai",P26="Efektif",W26="Tercatat"),"Siap","Belum siap"))) | Y26: =IF(G26="Belum ditentukan","Belum dijadwalkan",IF(N26="","Tanpa jadwal",IF(N26<'Master Data'!$C$9,"Review lewat","Dalam jadwal"))) | Z26: =IF(X26="Belum dinilai","Belum dinilai",IF(AND(OR(X26="Siap",X26="Dikecualikan"),Y26="Dalam jadwal"),"Tidak","Ya"))
B27: A.5.21 | C27: Organizational | D27: Keamanan rantai pasok TIK | E27: Risiko sepanjang rantai pasok produk dan layanan TIK dikendalikan | F27: Supply-chain assessment, SBOM, persyaratan subkontraktor | G27: Berlaku | H27: Mencegah dependensi berbahaya dan supply chain attack pada ekosistem pustaka open-source. | L27: DevOps Lead | M27: 46302 | N27: 46356 | Q27: Pipeline build belum dilengkapi scanner kerentanan dependensi otomatis (Trivy/Snyk) dan penandatanganan digital image kontainer (Cosign). | R27: Rekomendasi: Tambahkan langkah otomatisasi pada pipeline GitHub Actions untuk Trivy vulnerability scanning dan penandatanganan image kontainer menggunakan Cosign sebelum push ke VPS. | S27: Tinggi | T27: 46356 | W27: =IF(G27="Belum ditentukan","Tentukan relevansi",IF(G27="Tidak berlaku",IF(OR(H27="",U27="",V27=""),"Lengkapi justifikasi","Tercatat"),IF(OR(J27="",L27="",N27="",O27="",P27=""),"Lengkapi assessment",IF(AND(I27="Diterapkan",J27="Lengkap",O27="Memadai",P27="Efektif",OR(K27="",U27="",V27="")),"Lengkapi bukti/reviewer","Tercatat")))) | X27: =IF(G27="Belum ditentukan","Belum dinilai",IF(G27="Tidak berlaku",IF(W27="Tercatat","Dikecualikan","Belum siap"),IF(AND(I27="Diterapkan",J27="Lengkap",O27="Memadai",P27="Efektif",W27="Tercatat"),"Siap","Belum siap"))) | Y27: =IF(G27="Belum ditentukan","Belum dijadwalkan",IF(N27="","Tanpa jadwal",IF(N27<'Master Data'!$C$9,"Review lewat","Dalam jadwal"))) | Z27: =IF(X27="Belum dinilai","Belum dinilai",IF(AND(OR(X27="Siap",X27="Dikecualikan"),Y27="Dalam jadwal"),"Tidak","Ya"))
B28: A.5.22 | C28: Organizational | D28: Pemantauan dan perubahan layanan pemasok | E28: Kinerja, perubahan, dan kepatuhan pemasok direview | F28: SLA report, review meeting, change notice, action log | G28: Berlaku | H28: Kontrol A.5.22 relevan dan wajib diterapkan pada platform operasional auditsphere.app. | I28: Diterapkan | J28: Lengkap | K28: DOC-CPA-001-Sec6-Monitoring | L28: DevOps Lead | M28: 46302 | N28: 46477 | O28: Memadai | P28: Efektif | Q28: Pemantauan status operasional dan audit kepatuhan tahunan vendor cloud terjadwal resmi. | R28: Pertahankan efektivitas kontrol dan lakukan review operasional berkala | S28: Sedang | T28: 46477 | U28: Dimas (Group Vision) | V28: 46302 | W28: =IF(G28="Belum ditentukan","Tentukan relevansi",IF(G28="Tidak berlaku",IF(OR(H28="",U28="",V28=""),"Lengkapi justifikasi","Tercatat"),IF(OR(J28="",L28="",N28="",O28="",P28=""),"Lengkapi assessment",IF(AND(I28="Diterapkan",J28="Lengkap",O28="Memadai",P28="Efektif",OR(K28="",U28="",V28="")),"Lengkapi bukti/reviewer","Tercatat")))) | X28: =IF(G28="Belum ditentukan","Belum dinilai",IF(G28="Tidak berlaku",IF(W28="Tercatat","Dikecualikan","Belum siap"),IF(AND(I28="Diterapkan",J28="Lengkap",O28="Memadai",P28="Efektif",W28="Tercatat"),"Siap","Belum siap"))) | Y28: =IF(G28="Belum ditentukan","Belum dijadwalkan",IF(N28="","Tanpa jadwal",IF(N28<'Master Data'!$C$9,"Review lewat","Dalam jadwal"))) | Z28: =IF(X28="Belum dinilai","Belum dinilai",IF(AND(OR(X28="Siap",X28="Dikecualikan"),Y28="Dalam jadwal"),"Tidak","Ya"))
B29: A.5.23 | C29: Organizational | D29: Keamanan penggunaan layanan cloud | E29: Akuisisi, penggunaan, perubahan, dan exit cloud dikelola | F29: Cloud policy, CSP assessment, konfigurasi, exit plan | G29: Berlaku | H29: Kontrol A.5.23 relevan dan wajib diterapkan pada platform operasional auditsphere.app. | I29: Diterapkan | J29: Lengkap | K29: DOC-CSP-001_Cloud_Security_Policy | L29: DevOps Lead | M29: 46302 | N29: 46477 | O29: Memadai | P29: Efektif | Q29: Paket tata kelola cloud (CSP-001, CSRM-001, CPA-001, CES-001) telah disahkan dan diimplementasikan. | R29: Pertahankan efektivitas kontrol dan lakukan review operasional berkala | S29: Sedang | T29: 46477 | U29: Dimas (Group Vision) | V29: 46302 | W29: =IF(G29="Belum ditentukan","Tentukan relevansi",IF(G29="Tidak berlaku",IF(OR(H29="",U29="",V29=""),"Lengkapi justifikasi","Tercatat"),IF(OR(J29="",L29="",N29="",O29="",P29=""),"Lengkapi assessment",IF(AND(I29="Diterapkan",J29="Lengkap",O29="Memadai",P29="Efektif",OR(K29="",U29="",V29="")),"Lengkapi bukti/reviewer","Tercatat")))) | X29: =IF(G29="Belum ditentukan","Belum dinilai",IF(G29="Tidak berlaku",IF(W29="Tercatat","Dikecualikan","Belum siap"),IF(AND(I29="Diterapkan",J29="Lengkap",O29="Memadai",P29="Efektif",W29="Tercatat"),"Siap","Belum siap"))) | Y29: =IF(G29="Belum ditentukan","Belum dijadwalkan",IF(N29="","Tanpa jadwal",IF(N29<'Master Data'!$C$9,"Review lewat","Dalam jadwal"))) | Z29: =IF(X29="Belum dinilai","Belum dinilai",IF(AND(OR(X29="Siap",X29="Dikecualikan"),Y29="Dalam jadwal"),"Tidak","Ya"))
B30: A.5.24 | C30: Organizational | D30: Persiapan manajemen insiden | E30: Peran, proses, kanal, dan alat respons insiden siap digunakan | F30: IR plan, playbook, contact tree, hasil simulasi | G30: Berlaku | H30: Kontrol A.5.24 relevan dan wajib diterapkan pada platform operasional auditsphere.app. | I30: Diterapkan | J30: Lengkap | K30: DOC-ISO-AS-001-Sec11 | L30: Incident Response Lead | M30: 46302 | N30: 46477 | O30: Memadai | P30: Efektif | Q30: Tim respons insiden dan format pelaporan eskalasi Leadership OS AIFL disahkan. | R30: Pertahankan efektivitas kontrol dan lakukan review operasional berkala | S30: Sedang | T30: 46477 | U30: Dimas (Group Vision) | V30: 46302 | W30: =IF(G30="Belum ditentukan","Tentukan relevansi",IF(G30="Tidak berlaku",IF(OR(H30="",U30="",V30=""),"Lengkapi justifikasi","Tercatat"),IF(OR(J30="",L30="",N30="",O30="",P30=""),"Lengkapi assessment",IF(AND(I30="Diterapkan",J30="Lengkap",O30="Memadai",P30="Efektif",OR(K30="",U30="",V30="")),"Lengkapi bukti/reviewer","Tercatat")))) | X30: =IF(G30="Belum ditentukan","Belum dinilai",IF(G30="Tidak berlaku",IF(W30="Tercatat","Dikecualikan","Belum siap"),IF(AND(I30="Diterapkan",J30="Lengkap",O30="Memadai",P30="Efektif",W30="Tercatat"),"Siap","Belum siap"))) | Y30: =IF(G30="Belum ditentukan","Belum dijadwalkan",IF(N30="","Tanpa jadwal",IF(N30<'Master Data'!$C$9,"Review lewat","Dalam jadwal"))) | Z30: =IF(X30="Belum dinilai","Belum dinilai",IF(AND(OR(X30="Siap",X30="Dikecualikan"),Y30="Dalam jadwal"),"Tidak","Ya"))
B31: A.5.25 | C31: Organizational | D31: Penilaian kejadian keamanan | E31: Event dinilai konsisten untuk menentukan apakah menjadi insiden | F31: Kriteria klasifikasi, event ticket, decision log, SLA triage | G31: Berlaku | H31: Kontrol A.5.25 relevan dan wajib diterapkan pada platform operasional auditsphere.app. | I31: Diterapkan | J31: Lengkap | K31: DOC-ISO-AS-001-Sec11.3 | L31: SOC Lead | M31: 46302 | N31: 46477 | O31: Memadai | P31: Efektif | Q31: Klasifikasi tingkat keparahan insiden (Critical, Major, Minor) dengan target SLA respons terukur. | R31: Pertahankan efektivitas kontrol dan lakukan review operasional berkala | S31: Sedang | T31: 46477 | U31: Dimas (Group Vision) | V31: 46302 | W31: =IF(G31="Belum ditentukan","Tentukan relevansi",IF(G31="Tidak berlaku",IF(OR(H31="",U31="",V31=""),"Lengkapi justifikasi","Tercatat"),IF(OR(J31="",L31="",N31="",O31="",P31=""),"Lengkapi assessment",IF(AND(I31="Diterapkan",J31="Lengkap",O31="Memadai",P31="Efektif",OR(K31="",U31="",V31="")),"Lengkapi bukti/reviewer","Tercatat")))) | X31: =IF(G31="Belum ditentukan","Belum dinilai",IF(G31="Tidak berlaku",IF(W31="Tercatat","Dikecualikan","Belum siap"),IF(AND(I31="Diterapkan",J31="Lengkap",O31="Memadai",P31="Efektif",W31="Tercatat"),"Siap","Belum siap"))) | Y31: =IF(G31="Belum ditentukan","Belum dijadwalkan",IF(N31="","Tanpa jadwal",IF(N31<'Master Data'!$C$9,"Review lewat","Dalam jadwal"))) | Z31: =IF(X31="Belum dinilai","Belum dinilai",IF(AND(OR(X31="Siap",X31="Dikecualikan"),Y31="Dalam jadwal"),"Tidak","Ya"))
B32: A.5.26 | C32: Organizational | D32: Respons insiden keamanan | E32: Insiden ditangani sesuai prosedur dan kewenangan | F32: Incident record, timeline, containment log, komunikasi | G32: Berlaku | H32: Kontrol A.5.26 relevan dan wajib diterapkan pada platform operasional auditsphere.app. | I32: Diterapkan | J32: Lengkap | K32: DOC-ISO-AS-001-Sec11.1 | L32: SOC Lead | M32: 46302 | N32: 46477 | O32: Memadai | P32: Efektif | Q32: Prosedur penahanan insiden, isolasi container, dan revocations kredensial terstandarisasi. | R32: Pertahankan efektivitas kontrol dan lakukan review operasional berkala | S32: Sedang | T32: 46477 | U32: Dimas (Group Vision) | V32: 46302 | W32: =IF(G32="Belum ditentukan","Tentukan relevansi",IF(G32="Tidak berlaku",IF(OR(H32="",U32="",V32=""),"Lengkapi justifikasi","Tercatat"),IF(OR(J32="",L32="",N32="",O32="",P32=""),"Lengkapi assessment",IF(AND(I32="Diterapkan",J32="Lengkap",O32="Memadai",P32="Efektif",OR(K32="",U32="",V32="")),"Lengkapi bukti/reviewer","Tercatat")))) | X32: =IF(G32="Belum ditentukan","Belum dinilai",IF(G32="Tidak berlaku",IF(W32="Tercatat","Dikecualikan","Belum siap"),IF(AND(I32="Diterapkan",J32="Lengkap",O32="Memadai",P32="Efektif",W32="Tercatat"),"Siap","Belum siap"))) | Y32: =IF(G32="Belum ditentukan","Belum dijadwalkan",IF(N32="","Tanpa jadwal",IF(N32<'Master Data'!$C$9,"Review lewat","Dalam jadwal"))) | Z32: =IF(X32="Belum dinilai","Belum dinilai",IF(AND(OR(X32="Siap",X32="Dikecualikan"),Y32="Dalam jadwal"),"Tidak","Ya"))
B33: A.5.27 | C33: Organizational | D33: Pembelajaran dari insiden | E33: Akar masalah dan pembelajaran diterapkan untuk mencegah pengulangan | F33: Post-incident review, RCA, improvement ticket, lesson learned | G33: Berlaku | H33: Mencegah insiden berulang melalui analisis akar masalah (Root Cause Analysis). | L33: Security Officer | M33: 46302 | N33: 46387 | Q33: Template database Post-Incident Review (PIR) dan penelusuran tindakan korektif pasca-insiden belum dioperasikan secara sistematis. | R33: Rekomendasi: Buat formulir baku PIR (Post-Incident Review) yang mencakup 5-Whys RCA, timeline kejadian, serta pelacakan remediasi ke backlog rekayasa. | S33: Sedang | T33: 46387 | W33: =IF(G33="Belum ditentukan","Tentukan relevansi",IF(G33="Tidak berlaku",IF(OR(H33="",U33="",V33=""),"Lengkapi justifikasi","Tercatat"),IF(OR(J33="",L33="",N33="",O33="",P33=""),"Lengkapi assessment",IF(AND(I33="Diterapkan",J33="Lengkap",O33="Memadai",P33="Efektif",OR(K33="",U33="",V33="")),"Lengkapi bukti/reviewer","Tercatat")))) | X33: =IF(G33="Belum ditentukan","Belum dinilai",IF(G33="Tidak berlaku",IF(W33="Tercatat","Dikecualikan","Belum siap"),IF(AND(I33="Diterapkan",J33="Lengkap",O33="Memadai",P33="Efektif",W33="Tercatat"),"Siap","Belum siap"))) | Y33: =IF(G33="Belum ditentukan","Belum dijadwalkan",IF(N33="","Tanpa jadwal",IF(N33<'Master Data'!$C$9,"Review lewat","Dalam jadwal"))) | Z33: =IF(X33="Belum dinilai","Belum dinilai",IF(AND(OR(X33="Siap",X33="Dikecualikan"),Y33="Dalam jadwal"),"Tidak","Ya"))
B34: A.5.28 | C34: Organizational | D34: Pengumpulan bukti | E34: Bukti insiden dikumpulkan dan dijaga integritas serta chain of custody | F34: Prosedur forensik, evidence log, hash, chain-of-custody form | G34: Berlaku | H34: Kontrol A.5.28 relevan dan wajib diterapkan pada platform operasional auditsphere.app. | I34: Diterapkan | J34: Lengkap | K34: DOC-FRP-001_Forensic_Readiness | L34: Security Officer | M34: 46302 | N34: 46477 | O34: Memadai | P34: Efektif | Q34: Prosedur kesiapan forensik digital dan pemeliharaan rantai keaslian bukti (FRP-001) disahkan. | R34: Pertahankan efektivitas kontrol dan lakukan review operasional berkala | S34: Sedang | T34: 46477 | U34: Dimas (Group Vision) | V34: 46302 | W34: =IF(G34="Belum ditentukan","Tentukan relevansi",IF(G34="Tidak berlaku",IF(OR(H34="",U34="",V34=""),"Lengkapi justifikasi","Tercatat"),IF(OR(J34="",L34="",N34="",O34="",P34=""),"Lengkapi assessment",IF(AND(I34="Diterapkan",J34="Lengkap",O34="Memadai",P34="Efektif",OR(K34="",U34="",V34="")),"Lengkapi bukti/reviewer","Tercatat")))) | X34: =IF(G34="Belum ditentukan","Belum dinilai",IF(G34="Tidak berlaku",IF(W34="Tercatat","Dikecualikan","Belum siap"),IF(AND(I34="Diterapkan",J34="Lengkap",O34="Memadai",P34="Efektif",W34="Tercatat"),"Siap","Belum siap"))) | Y34: =IF(G34="Belum ditentukan","Belum dijadwalkan",IF(N34="","Tanpa jadwal",IF(N34<'Master Data'!$C$9,"Review lewat","Dalam jadwal"))) | Z34: =IF(X34="Belum dinilai","Belum dinilai",IF(AND(OR(X34="Siap",X34="Dikecualikan"),Y34="Dalam jadwal"),"Tidak","Ya"))
B35: A.5.29 | C35: Organizational | D35: Keamanan selama gangguan | E35: Keamanan informasi dipertahankan pada kondisi gangguan | F35: BCP, prosedur mode darurat, hasil latihan, risk acceptance | G35: Berlaku | H35: Kontrol A.5.29 relevan dan wajib diterapkan pada platform operasional auditsphere.app. | I35: Diterapkan | J35: Lengkap | K35: DOC-ISO-AS-001-Sec12 | L35: Infrastructure Lead | M35: 46302 | N35: 46477 | O35: Memadai | P35: Efektif | Q35: Service backend stateless dirancang dapat di-deploy ulang cepat saat terjadi insiden. | R35: Pertahankan efektivitas kontrol dan lakukan review operasional berkala | S35: Sedang | T35: 46477 | U35: Dimas (Group Vision) | V35: 46302 | W35: =IF(G35="Belum ditentukan","Tentukan relevansi",IF(G35="Tidak berlaku",IF(OR(H35="",U35="",V35=""),"Lengkapi justifikasi","Tercatat"),IF(OR(J35="",L35="",N35="",O35="",P35=""),"Lengkapi assessment",IF(AND(I35="Diterapkan",J35="Lengkap",O35="Memadai",P35="Efektif",OR(K35="",U35="",V35="")),"Lengkapi bukti/reviewer","Tercatat")))) | X35: =IF(G35="Belum ditentukan","Belum dinilai",IF(G35="Tidak berlaku",IF(W35="Tercatat","Dikecualikan","Belum siap"),IF(AND(I35="Diterapkan",J35="Lengkap",O35="Memadai",P35="Efektif",W35="Tercatat"),"Siap","Belum siap"))) | Y35: =IF(G35="Belum ditentukan","Belum dijadwalkan",IF(N35="","Tanpa jadwal",IF(N35<'Master Data'!$C$9,"Review lewat","Dalam jadwal"))) | Z35: =IF(X35="Belum dinilai","Belum dinilai",IF(AND(OR(X35="Siap",X35="Dikecualikan"),Y35="Dalam jadwal"),"Tidak","Ya"))
B36: A.5.30 | C36: Organizational | D36: Kesiapan TIK untuk kelangsungan bisnis | E36: Kemampuan TIK mendukung target pemulihan yang disepakati | F36: DRP, BIA, RTO/RPO, hasil restore dan DR test | G36: Berlaku | H36: Kontrol A.5.30 relevan dan wajib diterapkan pada platform operasional auditsphere.app. | I36: Diterapkan | J36: Lengkap | K36: DOC-ISO-AS-001-Sec12.1 | L36: DevOps Lead | M36: 46302 | N36: 46477 | O36: Memadai | P36: Efektif | Q36: Target RTO (<1 jam) dan RPO (<15 menit) ditetapkan dan didukung pencadangan snapshot teratur. | R36: Pertahankan efektivitas kontrol dan lakukan review operasional berkala | S36: Sedang | T36: 46477 | U36: Dimas (Group Vision) | V36: 46302 | W36: =IF(G36="Belum ditentukan","Tentukan relevansi",IF(G36="Tidak berlaku",IF(OR(H36="",U36="",V36=""),"Lengkapi justifikasi","Tercatat"),IF(OR(J36="",L36="",N36="",O36="",P36=""),"Lengkapi assessment",IF(AND(I36="Diterapkan",J36="Lengkap",O36="Memadai",P36="Efektif",OR(K36="",U36="",V36="")),"Lengkapi bukti/reviewer","Tercatat")))) | X36: =IF(G36="Belum ditentukan","Belum dinilai",IF(G36="Tidak berlaku",IF(W36="Tercatat","Dikecualikan","Belum siap"),IF(AND(I36="Diterapkan",J36="Lengkap",O36="Memadai",P36="Efektif",W36="Tercatat"),"Siap","Belum siap"))) | Y36: =IF(G36="Belum ditentukan","Belum dijadwalkan",IF(N36="","Tanpa jadwal",IF(N36<'Master Data'!$C$9,"Review lewat","Dalam jadwal"))) | Z36: =IF(X36="Belum dinilai","Belum dinilai",IF(AND(OR(X36="Siap",X36="Dikecualikan"),Y36="Dalam jadwal"),"Tidak","Ya"))
B37: A.5.31 | C37: Organizational | D37: Persyaratan hukum dan kontraktual | E37: Kewajiban keamanan diidentifikasi, diperbarui, dan dipatuhi | F37: Legal register, compliance mapping, review regulasi, kontrak | G37: Berlaku | H37: Kontrol A.5.31 relevan dan wajib diterapkan pada platform operasional auditsphere.app. | I37: Diterapkan | J37: Lengkap | K37: DOC-ISO-AS-001-Sec3 | L37: Compliance Lead | M37: 46302 | N37: 46477 | O37: Memadai | P37: Efektif | Q37: Pemenuhan regulasi UU PDP No. 27/2022, UU ITE, dan standar IIA IPPF / ISACA ITAF terdokumentasi. | R37: Pertahankan efektivitas kontrol dan lakukan review operasional berkala | S37: Sedang | T37: 46477 | U37: Dimas (Group Vision) | V37: 46302 | W37: =IF(G37="Belum ditentukan","Tentukan relevansi",IF(G37="Tidak berlaku",IF(OR(H37="",U37="",V37=""),"Lengkapi justifikasi","Tercatat"),IF(OR(J37="",L37="",N37="",O37="",P37=""),"Lengkapi assessment",IF(AND(I37="Diterapkan",J37="Lengkap",O37="Memadai",P37="Efektif",OR(K37="",U37="",V37="")),"Lengkapi bukti/reviewer","Tercatat")))) | X37: =IF(G37="Belum ditentukan","Belum dinilai",IF(G37="Tidak berlaku",IF(W37="Tercatat","Dikecualikan","Belum siap"),IF(AND(I37="Diterapkan",J37="Lengkap",O37="Memadai",P37="Efektif",W37="Tercatat"),"Siap","Belum siap"))) | Y37: =IF(G37="Belum ditentukan","Belum dijadwalkan",IF(N37="","Tanpa jadwal",IF(N37<'Master Data'!$C$9,"Review lewat","Dalam jadwal"))) | Z37: =IF(X37="Belum dinilai","Belum dinilai",IF(AND(OR(X37="Siap",X37="Dikecualikan"),Y37="Dalam jadwal"),"Tidak","Ya"))
B38: A.5.32 | C38: Organizational | D38: Hak kekayaan intelektual | E38: Penggunaan perangkat lunak dan konten mematuhi hak kekayaan intelektual | F38: License register, bukti pembelian, software inventory, audit lisensi | G38: Berlaku | H38: Kontrol A.5.32 relevan dan wajib diterapkan pada platform operasional auditsphere.app. | I38: Diterapkan | J38: Lengkap | K38: SRC-backend/python-ai/requirements.txt | L38: Tech Lead AIFL | M38: 46302 | N38: 46477 | O38: Memadai | P38: Efektif | Q38: Audit lisensi pustaka open-source diverifikasi legalitas komersialnya (MIT, BSD, Apache 2.0). | R38: Pertahankan efektivitas kontrol dan lakukan review operasional berkala | S38: Sedang | T38: 46477 | U38: Dimas (Group Vision) | V38: 46302 | W38: =IF(G38="Belum ditentukan","Tentukan relevansi",IF(G38="Tidak berlaku",IF(OR(H38="",U38="",V38=""),"Lengkapi justifikasi","Tercatat"),IF(OR(J38="",L38="",N38="",O38="",P38=""),"Lengkapi assessment",IF(AND(I38="Diterapkan",J38="Lengkap",O38="Memadai",P38="Efektif",OR(K38="",U38="",V38="")),"Lengkapi bukti/reviewer","Tercatat")))) | X38: =IF(G38="Belum ditentukan","Belum dinilai",IF(G38="Tidak berlaku",IF(W38="Tercatat","Dikecualikan","Belum siap"),IF(AND(I38="Diterapkan",J38="Lengkap",O38="Memadai",P38="Efektif",W38="Tercatat"),"Siap","Belum siap"))) | Y38: =IF(G38="Belum ditentukan","Belum dijadwalkan",IF(N38="","Tanpa jadwal",IF(N38<'Master Data'!$C$9,"Review lewat","Dalam jadwal"))) | Z38: =IF(X38="Belum dinilai","Belum dinilai",IF(AND(OR(X38="Siap",X38="Dikecualikan"),Y38="Dalam jadwal"),"Tidak","Ya"))
B39: A.5.33 | C39: Organizational | D39: Perlindungan rekaman | E39: Rekaman dilindungi sesuai kebutuhan retensi dan integritas | F39: Retention schedule, access log, backup, disposal record | G39: Berlaku | H39: Kontrol A.5.33 relevan dan wajib diterapkan pada platform operasional auditsphere.app. | I39: Diterapkan | J39: Lengkap | K39: SRC-backend/auth-service/pkg/kafka | L39: Engineering Lead | M39: 46302 | N39: 46477 | O39: Memadai | P39: Efektif | Q39: Log audit trail disimpan immutable dengan hashing SHA-256 dan retensi data minimal 5 tahun. | R39: Pertahankan efektivitas kontrol dan lakukan review operasional berkala | S39: Sedang | T39: 46477 | U39: Dimas (Group Vision) | V39: 46302 | W39: =IF(G39="Belum ditentukan","Tentukan relevansi",IF(G39="Tidak berlaku",IF(OR(H39="",U39="",V39=""),"Lengkapi justifikasi","Tercatat"),IF(OR(J39="",L39="",N39="",O39="",P39=""),"Lengkapi assessment",IF(AND(I39="Diterapkan",J39="Lengkap",O39="Memadai",P39="Efektif",OR(K39="",U39="",V39="")),"Lengkapi bukti/reviewer","Tercatat")))) | X39: =IF(G39="Belum ditentukan","Belum dinilai",IF(G39="Tidak berlaku",IF(W39="Tercatat","Dikecualikan","Belum siap"),IF(AND(I39="Diterapkan",J39="Lengkap",O39="Memadai",P39="Efektif",W39="Tercatat"),"Siap","Belum siap"))) | Y39: =IF(G39="Belum ditentukan","Belum dijadwalkan",IF(N39="","Tanpa jadwal",IF(N39<'Master Data'!$C$9,"Review lewat","Dalam jadwal"))) | Z39: =IF(X39="Belum dinilai","Belum dinilai",IF(AND(OR(X39="Siap",X39="Dikecualikan"),Y39="Dalam jadwal"),"Tidak","Ya"))
B40: A.5.34 | C40: Organizational | D40: Privasi dan perlindungan PII | E40: PII diproses sesuai kewajiban dan kontrol privasi | F40: Data inventory, privacy notice, DPIA, consent, DPA | G40: Berlaku | H40: Kontrol A.5.34 relevan dan wajib diterapkan pada platform operasional auditsphere.app. | I40: Diterapkan | J40: Lengkap | K40: DOC-ISO-AS-001-Sec13.3 | L40: Data Protection Officer | M40: 46302 | N40: 46477 | O40: Memadai | P40: Efektif | Q40: Residensi data lokal di wilayah hukum Indonesia (VPS IP 202.10.34.166 / Region Jakarta) dipatuhi. | R40: Pertahankan efektivitas kontrol dan lakukan review operasional berkala | S40: Sedang | T40: 46477 | U40: Dimas (Group Vision) | V40: 46302 | W40: =IF(G40="Belum ditentukan","Tentukan relevansi",IF(G40="Tidak berlaku",IF(OR(H40="",U40="",V40=""),"Lengkapi justifikasi","Tercatat"),IF(OR(J40="",L40="",N40="",O40="",P40=""),"Lengkapi assessment",IF(AND(I40="Diterapkan",J40="Lengkap",O40="Memadai",P40="Efektif",OR(K40="",U40="",V40="")),"Lengkapi bukti/reviewer","Tercatat")))) | X40: =IF(G40="Belum ditentukan","Belum dinilai",IF(G40="Tidak berlaku",IF(W40="Tercatat","Dikecualikan","Belum siap"),IF(AND(I40="Diterapkan",J40="Lengkap",O40="Memadai",P40="Efektif",W40="Tercatat"),"Siap","Belum siap"))) | Y40: =IF(G40="Belum ditentukan","Belum dijadwalkan",IF(N40="","Tanpa jadwal",IF(N40<'Master Data'!$C$9,"Review lewat","Dalam jadwal"))) | Z40: =IF(X40="Belum dinilai","Belum dinilai",IF(AND(OR(X40="Siap",X40="Dikecualikan"),Y40="Dalam jadwal"),"Tidak","Ya"))
B41: A.5.35 | C41: Organizational | D41: Tinjauan independen keamanan informasi | E41: Tinjauan independen dilakukan terencana atau setelah perubahan besar | F41: Audit plan, laporan review, independensi auditor, action log | G41: Berlaku | H41: Memastikan objektivitas keselarasan ISMS melalui penilaian independen pihak ketiga. | L41: Lead Information Security | M41: 46302 | N41: 46446 | Q41: Audit independen eksternal formal ISO/IEC 27001 belum pernah dilaksanakan pada siklus berjalan. | R41: Rekomendasi: Jadwalkan pre-assessment audit independen bersama badan sertifikasi terakreditasi KAN menjelang audit tahap 1 formal. | S41: Tinggi | T41: 46446 | W41: =IF(G41="Belum ditentukan","Tentukan relevansi",IF(G41="Tidak berlaku",IF(OR(H41="",U41="",V41=""),"Lengkapi justifikasi","Tercatat"),IF(OR(J41="",L41="",N41="",O41="",P41=""),"Lengkapi assessment",IF(AND(I41="Diterapkan",J41="Lengkap",O41="Memadai",P41="Efektif",OR(K41="",U41="",V41="")),"Lengkapi bukti/reviewer","Tercatat")))) | X41: =IF(G41="Belum ditentukan","Belum dinilai",IF(G41="Tidak berlaku",IF(W41="Tercatat","Dikecualikan","Belum siap"),IF(AND(I41="Diterapkan",J41="Lengkap",O41="Memadai",P41="Efektif",W41="Tercatat"),"Siap","Belum siap"))) | Y41: =IF(G41="Belum ditentukan","Belum dijadwalkan",IF(N41="","Tanpa jadwal",IF(N41<'Master Data'!$C$9,"Review lewat","Dalam jadwal"))) | Z41: =IF(X41="Belum dinilai","Belum dinilai",IF(AND(OR(X41="Siap",X41="Dikecualikan"),Y41="Dalam jadwal"),"Tidak","Ya"))
B42: A.5.36 | C42: Organizational | D42: Kepatuhan terhadap kebijakan dan standar | E42: Kepatuhan internal dipantau dan penyimpangan ditangani | F42: Compliance review, exception register, monitoring report | G42: Berlaku | H42: Kontrol A.5.36 relevan dan wajib diterapkan pada platform operasional auditsphere.app. | I42: Diterapkan | J42: Lengkap | K42: DOC-ISO-AS-001-AnnexA-Review | L42: Lead Information Security | M42: 46302 | N42: 46477 | O42: Memadai | P42: Efektif | Q42: Peninjauan berkala kepatuhan internal terhadap kontrol ISO 27001 dan baseline hardening. | R42: Pertahankan efektivitas kontrol dan lakukan review operasional berkala | S42: Sedang | T42: 46477 | U42: Dimas (Group Vision) | V42: 46302 | W42: =IF(G42="Belum ditentukan","Tentukan relevansi",IF(G42="Tidak berlaku",IF(OR(H42="",U42="",V42=""),"Lengkapi justifikasi","Tercatat"),IF(OR(J42="",L42="",N42="",O42="",P42=""),"Lengkapi assessment",IF(AND(I42="Diterapkan",J42="Lengkap",O42="Memadai",P42="Efektif",OR(K42="",U42="",V42="")),"Lengkapi bukti/reviewer","Tercatat")))) | X42: =IF(G42="Belum ditentukan","Belum dinilai",IF(G42="Tidak berlaku",IF(W42="Tercatat","Dikecualikan","Belum siap"),IF(AND(I42="Diterapkan",J42="Lengkap",O42="Memadai",P42="Efektif",W42="Tercatat"),"Siap","Belum siap"))) | Y42: =IF(G42="Belum ditentukan","Belum dijadwalkan",IF(N42="","Tanpa jadwal",IF(N42<'Master Data'!$C$9,"Review lewat","Dalam jadwal"))) | Z42: =IF(X42="Belum dinilai","Belum dinilai",IF(AND(OR(X42="Siap",X42="Dikecualikan"),Y42="Dalam jadwal"),"Tidak","Ya"))
B43: A.5.37 | C43: Organizational | D43: Prosedur operasi terdokumentasi | E43: Aktivitas operasional penting memiliki prosedur terkendali | F43: SOP, runbook, approval, version history, operator record | G43: Berlaku | H43: Kontrol A.5.37 relevan dan wajib diterapkan pada platform operasional auditsphere.app. | I43: Diterapkan | J43: Lengkap | K43: DOC-BACKEND_RUN_AND_DEPLOY.md | L43: DevOps Lead | M43: 46302 | N43: 46477 | O43: Memadai | P43: Efektif | Q43: Panduan operasional baku deployment, manajemen rute, dan administrasi database tersedia lengkap. | R43: Pertahankan efektivitas kontrol dan lakukan review operasional berkala | S43: Sedang | T43: 46477 | U43: Dimas (Group Vision) | V43: 46302 | W43: =IF(G43="Belum ditentukan","Tentukan relevansi",IF(G43="Tidak berlaku",IF(OR(H43="",U43="",V43=""),"Lengkapi justifikasi","Tercatat"),IF(OR(J43="",L43="",N43="",O43="",P43=""),"Lengkapi assessment",IF(AND(I43="Diterapkan",J43="Lengkap",O43="Memadai",P43="Efektif",OR(K43="",U43="",V43="")),"Lengkapi bukti/reviewer","Tercatat")))) | X43: =IF(G43="Belum ditentukan","Belum dinilai",IF(G43="Tidak berlaku",IF(W43="Tercatat","Dikecualikan","Belum siap"),IF(AND(I43="Diterapkan",J43="Lengkap",O43="Memadai",P43="Efektif",W43="Tercatat"),"Siap","Belum siap"))) | Y43: =IF(G43="Belum ditentukan","Belum dijadwalkan",IF(N43="","Tanpa jadwal",IF(N43<'Master Data'!$C$9,"Review lewat","Dalam jadwal"))) | Z43: =IF(X43="Belum dinilai","Belum dinilai",IF(AND(OR(X43="Siap",X43="Dikecualikan"),Y43="Dalam jadwal"),"Tidak","Ya"))
B44: A.6.1 | C44: People | D44: Penyaringan personel | E44: Pemeriksaan latar belakang proporsional dilakukan sebelum penempatan | F44: Screening policy, consent, hasil verifikasi, exception approval | G44: Berlaku | H44: Kontrol A.6.1 relevan dan wajib diterapkan pada platform operasional auditsphere.app. | I44: Diterapkan | J44: Lengkap | K44: DOC-HR-BackgroundCheck-SOP | L44: HR Lead | M44: 46302 | N44: 46477 | O44: Memadai | P44: Efektif | Q44: Verifikasi identitas dan rekam jejak profesional personel dilakukan sebelum penugasan proyek. | R44: Pertahankan efektivitas kontrol dan lakukan review operasional berkala | S44: Sedang | T44: 46477 | U44: Dimas (Group Vision) | V44: 46302 | W44: =IF(G44="Belum ditentukan","Tentukan relevansi",IF(G44="Tidak berlaku",IF(OR(H44="",U44="",V44=""),"Lengkapi justifikasi","Tercatat"),IF(OR(J44="",L44="",N44="",O44="",P44=""),"Lengkapi assessment",IF(AND(I44="Diterapkan",J44="Lengkap",O44="Memadai",P44="Efektif",OR(K44="",U44="",V44="")),"Lengkapi bukti/reviewer","Tercatat")))) | X44: =IF(G44="Belum ditentukan","Belum dinilai",IF(G44="Tidak berlaku",IF(W44="Tercatat","Dikecualikan","Belum siap"),IF(AND(I44="Diterapkan",J44="Lengkap",O44="Memadai",P44="Efektif",W44="Tercatat"),"Siap","Belum siap"))) | Y44: =IF(G44="Belum ditentukan","Belum dijadwalkan",IF(N44="","Tanpa jadwal",IF(N44<'Master Data'!$C$9,"Review lewat","Dalam jadwal"))) | Z44: =IF(X44="Belum dinilai","Belum dinilai",IF(AND(OR(X44="Siap",X44="Dikecualikan"),Y44="Dalam jadwal"),"Tidak","Ya"))
B45: A.6.2 | C45: People | D45: Syarat dan ketentuan kerja | E45: Kewajiban keamanan tercantum pada kontrak atau ketentuan kerja | F45: Kontrak kerja, code of conduct, acknowledgement | G45: Berlaku | H45: Kontrol A.6.2 relevan dan wajib diterapkan pada platform operasional auditsphere.app. | I45: Diterapkan | J45: Lengkap | K45: DOC-Employment-Contract-Annex | L45: HR Lead | M45: 46302 | N45: 46477 | O45: Memadai | P45: Efektif | Q45: Perjanjian kerja memuat klausul kewajiban perlindungan informasi dan kerahasiaan data rahasia. | R45: Pertahankan efektivitas kontrol dan lakukan review operasional berkala | S45: Sedang | T45: 46477 | U45: Dimas (Group Vision) | V45: 46302 | W45: =IF(G45="Belum ditentukan","Tentukan relevansi",IF(G45="Tidak berlaku",IF(OR(H45="",U45="",V45=""),"Lengkapi justifikasi","Tercatat"),IF(OR(J45="",L45="",N45="",O45="",P45=""),"Lengkapi assessment",IF(AND(I45="Diterapkan",J45="Lengkap",O45="Memadai",P45="Efektif",OR(K45="",U45="",V45="")),"Lengkapi bukti/reviewer","Tercatat")))) | X45: =IF(G45="Belum ditentukan","Belum dinilai",IF(G45="Tidak berlaku",IF(W45="Tercatat","Dikecualikan","Belum siap"),IF(AND(I45="Diterapkan",J45="Lengkap",O45="Memadai",P45="Efektif",W45="Tercatat"),"Siap","Belum siap"))) | Y45: =IF(G45="Belum ditentukan","Belum dijadwalkan",IF(N45="","Tanpa jadwal",IF(N45<'Master Data'!$C$9,"Review lewat","Dalam jadwal"))) | Z45: =IF(X45="Belum dinilai","Belum dinilai",IF(AND(OR(X45="Siap",X45="Dikecualikan"),Y45="Dalam jadwal"),"Tidak","Ya"))
B46: A.6.3 | C46: People | D46: Awareness, edukasi, dan pelatihan keamanan | E46: Program pelatihan sesuai peran diberikan dan efektivitasnya diukur | F46: Materi, attendance, quiz, simulasi phishing, training matrix | G46: Berlaku | H46: Membangun kesadaran keamanan bagi seluruh personel engineering dan pengelola data audit. | L46: Security Officer / HR | M46: 46302 | N46: 46387 | Q46: Program security awareness training berkala belum memiliki silabus formal dan simulasi phishing terukur. | R46: Rekomendasi: Susun modul pelatihan keamanan informasi tahunan (termasuk secure coding untuk developer) dan jalankan simulasi phishing internal semesteran. | S46: Sedang | T46: 46387 | W46: =IF(G46="Belum ditentukan","Tentukan relevansi",IF(G46="Tidak berlaku",IF(OR(H46="",U46="",V46=""),"Lengkapi justifikasi","Tercatat"),IF(OR(J46="",L46="",N46="",O46="",P46=""),"Lengkapi assessment",IF(AND(I46="Diterapkan",J46="Lengkap",O46="Memadai",P46="Efektif",OR(K46="",U46="",V46="")),"Lengkapi bukti/reviewer","Tercatat")))) | X46: =IF(G46="Belum ditentukan","Belum dinilai",IF(G46="Tidak berlaku",IF(W46="Tercatat","Dikecualikan","Belum siap"),IF(AND(I46="Diterapkan",J46="Lengkap",O46="Memadai",P46="Efektif",W46="Tercatat"),"Siap","Belum siap"))) | Y46: =IF(G46="Belum ditentukan","Belum dijadwalkan",IF(N46="","Tanpa jadwal",IF(N46<'Master Data'!$C$9,"Review lewat","Dalam jadwal"))) | Z46: =IF(X46="Belum dinilai","Belum dinilai",IF(AND(OR(X46="Siap",X46="Dikecualikan"),Y46="Dalam jadwal"),"Tidak","Ya"))
B47: A.6.4 | C47: People | D47: Proses disipliner | E47: Pelanggaran keamanan memiliki proses disipliner yang formal | F47: Disciplinary policy, case log anonim, keputusan dan approval | G47: Berlaku | H47: Kontrol A.6.4 relevan dan wajib diterapkan pada platform operasional auditsphere.app. | I47: Diterapkan | J47: Lengkap | K47: DOC-Peraturan-Perusahaan-Sec8 | L47: HR Lead | M47: 46302 | N47: 46477 | O47: Memadai | P47: Efektif | Q47: Prosedur penegakan disiplin dan sanksi formal atas pelanggaran keamanan informasi tercantum resmi. | R47: Pertahankan efektivitas kontrol dan lakukan review operasional berkala | S47: Sedang | T47: 46477 | U47: Dimas (Group Vision) | V47: 46302 | W47: =IF(G47="Belum ditentukan","Tentukan relevansi",IF(G47="Tidak berlaku",IF(OR(H47="",U47="",V47=""),"Lengkapi justifikasi","Tercatat"),IF(OR(J47="",L47="",N47="",O47="",P47=""),"Lengkapi assessment",IF(AND(I47="Diterapkan",J47="Lengkap",O47="Memadai",P47="Efektif",OR(K47="",U47="",V47="")),"Lengkapi bukti/reviewer","Tercatat")))) | X47: =IF(G47="Belum ditentukan","Belum dinilai",IF(G47="Tidak berlaku",IF(W47="Tercatat","Dikecualikan","Belum siap"),IF(AND(I47="Diterapkan",J47="Lengkap",O47="Memadai",P47="Efektif",W47="Tercatat"),"Siap","Belum siap"))) | Y47: =IF(G47="Belum ditentukan","Belum dijadwalkan",IF(N47="","Tanpa jadwal",IF(N47<'Master Data'!$C$9,"Review lewat","Dalam jadwal"))) | Z47: =IF(X47="Belum dinilai","Belum dinilai",IF(AND(OR(X47="Siap",X47="Dikecualikan"),Y47="Dalam jadwal"),"Tidak","Ya"))
B48: A.6.5 | C48: People | D48: Tanggung jawab setelah perubahan atau terminasi | E48: Kewajiban dan akses disesuaikan saat mutasi atau keluar | F48: Offboarding/mover checklist, NDA, revoke log, exit interview | G48: Berlaku | H48: Kontrol A.6.5 relevan dan wajib diterapkan pada platform operasional auditsphere.app. | I48: Diterapkan | J48: Lengkap | K48: SRC-backend/auth-service/services/user | L48: Engineering Lead | M48: 46302 | N48: 46477 | O48: Memadai | P48: Efektif | Q48: Penonaktifan akun pengguna seketika dan pembatalan token saat mutasi atau terminasi personel. | R48: Pertahankan efektivitas kontrol dan lakukan review operasional berkala | S48: Sedang | T48: 46477 | U48: Dimas (Group Vision) | V48: 46302 | W48: =IF(G48="Belum ditentukan","Tentukan relevansi",IF(G48="Tidak berlaku",IF(OR(H48="",U48="",V48=""),"Lengkapi justifikasi","Tercatat"),IF(OR(J48="",L48="",N48="",O48="",P48=""),"Lengkapi assessment",IF(AND(I48="Diterapkan",J48="Lengkap",O48="Memadai",P48="Efektif",OR(K48="",U48="",V48="")),"Lengkapi bukti/reviewer","Tercatat")))) | X48: =IF(G48="Belum ditentukan","Belum dinilai",IF(G48="Tidak berlaku",IF(W48="Tercatat","Dikecualikan","Belum siap"),IF(AND(I48="Diterapkan",J48="Lengkap",O48="Memadai",P48="Efektif",W48="Tercatat"),"Siap","Belum siap"))) | Y48: =IF(G48="Belum ditentukan","Belum dijadwalkan",IF(N48="","Tanpa jadwal",IF(N48<'Master Data'!$C$9,"Review lewat","Dalam jadwal"))) | Z48: =IF(X48="Belum dinilai","Belum dinilai",IF(AND(OR(X48="Siap",X48="Dikecualikan"),Y48="Dalam jadwal"),"Tidak","Ya"))
B49: A.6.6 | C49: People | D49: Perjanjian kerahasiaan | E49: NDA relevan, ditandatangani, dan ditinjau sesuai kebutuhan | F49: Template NDA, register penandatangan, review legal | G49: Berlaku | H49: Kontrol A.6.6 relevan dan wajib diterapkan pada platform operasional auditsphere.app. | I49: Diterapkan | J49: Lengkap | K49: DOC-NDA-Corporate-Template | L49: Legal Counsel | M49: 46302 | N49: 46477 | O49: Memadai | P49: Efektif | Q49: Penandatanganan Non-Disclosure Agreement (NDA) wajib bagi seluruh staf dan auditor sebelum akses. | R49: Pertahankan efektivitas kontrol dan lakukan review operasional berkala | S49: Sedang | T49: 46477 | U49: Dimas (Group Vision) | V49: 46302 | W49: =IF(G49="Belum ditentukan","Tentukan relevansi",IF(G49="Tidak berlaku",IF(OR(H49="",U49="",V49=""),"Lengkapi justifikasi","Tercatat"),IF(OR(J49="",L49="",N49="",O49="",P49=""),"Lengkapi assessment",IF(AND(I49="Diterapkan",J49="Lengkap",O49="Memadai",P49="Efektif",OR(K49="",U49="",V49="")),"Lengkapi bukti/reviewer","Tercatat")))) | X49: =IF(G49="Belum ditentukan","Belum dinilai",IF(G49="Tidak berlaku",IF(W49="Tercatat","Dikecualikan","Belum siap"),IF(AND(I49="Diterapkan",J49="Lengkap",O49="Memadai",P49="Efektif",W49="Tercatat"),"Siap","Belum siap"))) | Y49: =IF(G49="Belum ditentukan","Belum dijadwalkan",IF(N49="","Tanpa jadwal",IF(N49<'Master Data'!$C$9,"Review lewat","Dalam jadwal"))) | Z49: =IF(X49="Belum dinilai","Belum dinilai",IF(AND(OR(X49="Siap",X49="Dikecualikan"),Y49="Dalam jadwal"),"Tidak","Ya"))
B50: A.6.7 | C50: People | D50: Kerja jarak jauh | E50: Risiko remote working dikendalikan pada perangkat, koneksi, dan lingkungan | F50: Remote work policy, VPN/MFA config, endpoint report, training | G50: Berlaku | H50: Kontrol A.6.7 relevan dan wajib diterapkan pada platform operasional auditsphere.app. | I50: Diterapkan | J50: Lengkap | K50: TEC-SSH-KeyPair-Auth | L50: DevOps Lead | M50: 46302 | N50: 46477 | O50: Memadai | P50: Efektif | Q50: Akses kerja jarak jauh ke VPS produksi dibatasi via otentikasi SSH key-pair terotentikasi dan MFA. | R50: Pertahankan efektivitas kontrol dan lakukan review operasional berkala | S50: Sedang | T50: 46477 | U50: Dimas (Group Vision) | V50: 46302 | W50: =IF(G50="Belum ditentukan","Tentukan relevansi",IF(G50="Tidak berlaku",IF(OR(H50="",U50="",V50=""),"Lengkapi justifikasi","Tercatat"),IF(OR(J50="",L50="",N50="",O50="",P50=""),"Lengkapi assessment",IF(AND(I50="Diterapkan",J50="Lengkap",O50="Memadai",P50="Efektif",OR(K50="",U50="",V50="")),"Lengkapi bukti/reviewer","Tercatat")))) | X50: =IF(G50="Belum ditentukan","Belum dinilai",IF(G50="Tidak berlaku",IF(W50="Tercatat","Dikecualikan","Belum siap"),IF(AND(I50="Diterapkan",J50="Lengkap",O50="Memadai",P50="Efektif",W50="Tercatat"),"Siap","Belum siap"))) | Y50: =IF(G50="Belum ditentukan","Belum dijadwalkan",IF(N50="","Tanpa jadwal",IF(N50<'Master Data'!$C$9,"Review lewat","Dalam jadwal"))) | Z50: =IF(X50="Belum dinilai","Belum dinilai",IF(AND(OR(X50="Siap",X50="Dikecualikan"),Y50="Dalam jadwal"),"Tidak","Ya"))
B51: A.6.8 | C51: People | D51: Pelaporan kejadian keamanan | E51: Personel mengetahui kanal dan kewajiban melaporkan event keamanan | F51: Prosedur pelaporan, kanal hotline, awareness, ticket sample | G51: Berlaku | H51: Kontrol A.6.8 relevan dan wajib diterapkan pada platform operasional auditsphere.app. | I51: Diterapkan | J51: Lengkap | K51: DOC-ISO-AS-001-Sec11.1 | L51: Security Officer | M51: 46302 | N51: 46477 | O51: Memadai | P51: Efektif | Q51: Kanal pelaporan insiden darurat dan hotline keamanan internal tersedia bagi seluruh pengguna. | R51: Pertahankan efektivitas kontrol dan lakukan review operasional berkala | S51: Sedang | T51: 46477 | U51: Dimas (Group Vision) | V51: 46302 | W51: =IF(G51="Belum ditentukan","Tentukan relevansi",IF(G51="Tidak berlaku",IF(OR(H51="",U51="",V51=""),"Lengkapi justifikasi","Tercatat"),IF(OR(J51="",L51="",N51="",O51="",P51=""),"Lengkapi assessment",IF(AND(I51="Diterapkan",J51="Lengkap",O51="Memadai",P51="Efektif",OR(K51="",U51="",V51="")),"Lengkapi bukti/reviewer","Tercatat")))) | X51: =IF(G51="Belum ditentukan","Belum dinilai",IF(G51="Tidak berlaku",IF(W51="Tercatat","Dikecualikan","Belum siap"),IF(AND(I51="Diterapkan",J51="Lengkap",O51="Memadai",P51="Efektif",W51="Tercatat"),"Siap","Belum siap"))) | Y51: =IF(G51="Belum ditentukan","Belum dijadwalkan",IF(N51="","Tanpa jadwal",IF(N51<'Master Data'!$C$9,"Review lewat","Dalam jadwal"))) | Z51: =IF(X51="Belum dinilai","Belum dinilai",IF(AND(OR(X51="Siap",X51="Dikecualikan"),Y51="Dalam jadwal"),"Tidak","Ya"))
B52: A.7.1 | C52: Physical | D52: Perimeter keamanan fisik | E52: Batas area sensitif ditetapkan dan dilindungi | F52: Site plan, zoning, kontrol pintu, hasil inspeksi | G52: Tidak berlaku | H52: Perimeter fisik data center server dikelola sepenuhnya oleh penyedia fasilitas cloud/VPS berstandar ISO 27001 (Shared Responsibility Model) | I52: N/A | J52: N/A | K52: DOC-CPA-001-Provider-SOC2-Report | L52: DevOps Lead | M52: 46302 | N52: 46477 | O52: N/A | P52: N/A | Q52: Dikelola penyedia fasilitas cloud/data center berstandar ISO 27001 (Shared Responsibility Model) | R52: Verifikasi kepatuhan sertifikat SOC 2 / ISO 27001 provider cloud tahunan | S52: Rendah | T52: 46477 | U52: Dimas (Group Vision) | V52: 46302 | W52: =IF(G52="Belum ditentukan","Tentukan relevansi",IF(G52="Tidak berlaku",IF(OR(H52="",U52="",V52=""),"Lengkapi justifikasi","Tercatat"),IF(OR(J52="",L52="",N52="",O52="",P52=""),"Lengkapi assessment",IF(AND(I52="Diterapkan",J52="Lengkap",O52="Memadai",P52="Efektif",OR(K52="",U52="",V52="")),"Lengkapi bukti/reviewer","Tercatat")))) | X52: =IF(G52="Belum ditentukan","Belum dinilai",IF(G52="Tidak berlaku",IF(W52="Tercatat","Dikecualikan","Belum siap"),IF(AND(I52="Diterapkan",J52="Lengkap",O52="Memadai",P52="Efektif",W52="Tercatat"),"Siap","Belum siap"))) | Y52: =IF(G52="Belum ditentukan","Belum dijadwalkan",IF(N52="","Tanpa jadwal",IF(N52<'Master Data'!$C$9,"Review lewat","Dalam jadwal"))) | Z52: =IF(X52="Belum dinilai","Belum dinilai",IF(AND(OR(X52="Siap",X52="Dikecualikan"),Y52="Dalam jadwal"),"Tidak","Ya"))
B53: A.7.2 | C53: Physical | D53: Akses masuk fisik | E53: Akses fisik diotorisasi, dicatat, dan dicabut tepat waktu | F53: Access badge list, visitor log, review akses, CCTV sample | G53: Tidak berlaku | H53: Akses masuk fisik gedung data center dikendalikan oleh penyedia cloud pihak ketiga dengan otorisasi biometrik/badge (CSRM-001) | I53: N/A | J53: N/A | K53: DOC-CPA-001-Provider-SOC2-Report | L53: DevOps Lead | M53: 46302 | N53: 46477 | O53: N/A | P53: N/A | Q53: Dikelola penyedia fasilitas cloud/data center berstandar ISO 27001 (Shared Responsibility Model) | R53: Verifikasi kepatuhan sertifikat SOC 2 / ISO 27001 provider cloud tahunan | S53: Rendah | T53: 46477 | U53: Dimas (Group Vision) | V53: 46302 | W53: =IF(G53="Belum ditentukan","Tentukan relevansi",IF(G53="Tidak berlaku",IF(OR(H53="",U53="",V53=""),"Lengkapi justifikasi","Tercatat"),IF(OR(J53="",L53="",N53="",O53="",P53=""),"Lengkapi assessment",IF(AND(I53="Diterapkan",J53="Lengkap",O53="Memadai",P53="Efektif",OR(K53="",U53="",V53="")),"Lengkapi bukti/reviewer","Tercatat")))) | X53: =IF(G53="Belum ditentukan","Belum dinilai",IF(G53="Tidak berlaku",IF(W53="Tercatat","Dikecualikan","Belum siap"),IF(AND(I53="Diterapkan",J53="Lengkap",O53="Memadai",P53="Efektif",W53="Tercatat"),"Siap","Belum siap"))) | Y53: =IF(G53="Belum ditentukan","Belum dijadwalkan",IF(N53="","Tanpa jadwal",IF(N53<'Master Data'!$C$9,"Review lewat","Dalam jadwal"))) | Z53: =IF(X53="Belum dinilai","Belum dinilai",IF(AND(OR(X53="Siap",X53="Dikecualikan"),Y53="Dalam jadwal"),"Tidak","Ya"))
B54: A.7.3 | C54: Physical | D54: Pengamanan kantor, ruangan, dan fasilitas | E54: Area kerja dan fasilitas sensitif diamankan sesuai risiko | F54: Floor plan, kunci/akses, inspeksi, daftar area terbatas | G54: Tidak berlaku | H54: Pengamanan fisik ruang server dan fasilitas hosting dikelola oleh CSP bersertifikasi SOC 2 Type II | I54: N/A | J54: N/A | K54: DOC-CPA-001-Provider-SOC2-Report | L54: DevOps Lead | M54: 46302 | N54: 46477 | O54: N/A | P54: N/A | Q54: Dikelola penyedia fasilitas cloud/data center berstandar ISO 27001 (Shared Responsibility Model) | R54: Verifikasi kepatuhan sertifikat SOC 2 / ISO 27001 provider cloud tahunan | S54: Rendah | T54: 46477 | U54: Dimas (Group Vision) | V54: 46302 | W54: =IF(G54="Belum ditentukan","Tentukan relevansi",IF(G54="Tidak berlaku",IF(OR(H54="",U54="",V54=""),"Lengkapi justifikasi","Tercatat"),IF(OR(J54="",L54="",N54="",O54="",P54=""),"Lengkapi assessment",IF(AND(I54="Diterapkan",J54="Lengkap",O54="Memadai",P54="Efektif",OR(K54="",U54="",V54="")),"Lengkapi bukti/reviewer","Tercatat")))) | X54: =IF(G54="Belum ditentukan","Belum dinilai",IF(G54="Tidak berlaku",IF(W54="Tercatat","Dikecualikan","Belum siap"),IF(AND(I54="Diterapkan",J54="Lengkap",O54="Memadai",P54="Efektif",W54="Tercatat"),"Siap","Belum siap"))) | Y54: =IF(G54="Belum ditentukan","Belum dijadwalkan",IF(N54="","Tanpa jadwal",IF(N54<'Master Data'!$C$9,"Review lewat","Dalam jadwal"))) | Z54: =IF(X54="Belum dinilai","Belum dinilai",IF(AND(OR(X54="Siap",X54="Dikecualikan"),Y54="Dalam jadwal"),"Tidak","Ya"))
B55: A.7.4 | C55: Physical | D55: Pemantauan keamanan fisik | E55: Area penting dipantau dan rekaman dikelola aman | F55: CCTV policy, coverage map, retention config, review log | G55: Tidak berlaku | H55: Pemantauan fisik CCTV dan sensor lingkungan 24/7 merupakan tanggung jawab operasional penyedia cloud data center | I55: N/A | J55: N/A | K55: DOC-CPA-001-Provider-SOC2-Report | L55: DevOps Lead | M55: 46302 | N55: 46477 | O55: N/A | P55: N/A | Q55: Dikelola penyedia fasilitas cloud/data center berstandar ISO 27001 (Shared Responsibility Model) | R55: Verifikasi kepatuhan sertifikat SOC 2 / ISO 27001 provider cloud tahunan | S55: Rendah | T55: 46477 | U55: Dimas (Group Vision) | V55: 46302 | W55: =IF(G55="Belum ditentukan","Tentukan relevansi",IF(G55="Tidak berlaku",IF(OR(H55="",U55="",V55=""),"Lengkapi justifikasi","Tercatat"),IF(OR(J55="",L55="",N55="",O55="",P55=""),"Lengkapi assessment",IF(AND(I55="Diterapkan",J55="Lengkap",O55="Memadai",P55="Efektif",OR(K55="",U55="",V55="")),"Lengkapi bukti/reviewer","Tercatat")))) | X55: =IF(G55="Belum ditentukan","Belum dinilai",IF(G55="Tidak berlaku",IF(W55="Tercatat","Dikecualikan","Belum siap"),IF(AND(I55="Diterapkan",J55="Lengkap",O55="Memadai",P55="Efektif",W55="Tercatat"),"Siap","Belum siap"))) | Y55: =IF(G55="Belum ditentukan","Belum dijadwalkan",IF(N55="","Tanpa jadwal",IF(N55<'Master Data'!$C$9,"Review lewat","Dalam jadwal"))) | Z55: =IF(X55="Belum dinilai","Belum dinilai",IF(AND(OR(X55="Siap",X55="Dikecualikan"),Y55="Dalam jadwal"),"Tidak","Ya"))
B56: A.7.5 | C56: Physical | D56: Perlindungan dari ancaman fisik dan lingkungan | E56: Ancaman kebakaran, banjir, suhu, dan risiko lingkungan dikendalikan | F56: Risk assessment, sensor log, inspeksi APAR, maintenance | G56: Tidak berlaku | H56: Perlindungan terhadap ancaman kebakaran, banjir, dan fluktuasi suhu ruang server dijamin oleh SLA infrastruktur CSP | I56: N/A | J56: N/A | K56: DOC-CPA-001-Provider-SOC2-Report | L56: DevOps Lead | M56: 46302 | N56: 46477 | O56: N/A | P56: N/A | Q56: Dikelola penyedia fasilitas cloud/data center berstandar ISO 27001 (Shared Responsibility Model) | R56: Verifikasi kepatuhan sertifikat SOC 2 / ISO 27001 provider cloud tahunan | S56: Rendah | T56: 46477 | U56: Dimas (Group Vision) | V56: 46302 | W56: =IF(G56="Belum ditentukan","Tentukan relevansi",IF(G56="Tidak berlaku",IF(OR(H56="",U56="",V56=""),"Lengkapi justifikasi","Tercatat"),IF(OR(J56="",L56="",N56="",O56="",P56=""),"Lengkapi assessment",IF(AND(I56="Diterapkan",J56="Lengkap",O56="Memadai",P56="Efektif",OR(K56="",U56="",V56="")),"Lengkapi bukti/reviewer","Tercatat")))) | X56: =IF(G56="Belum ditentukan","Belum dinilai",IF(G56="Tidak berlaku",IF(W56="Tercatat","Dikecualikan","Belum siap"),IF(AND(I56="Diterapkan",J56="Lengkap",O56="Memadai",P56="Efektif",W56="Tercatat"),"Siap","Belum siap"))) | Y56: =IF(G56="Belum ditentukan","Belum dijadwalkan",IF(N56="","Tanpa jadwal",IF(N56<'Master Data'!$C$9,"Review lewat","Dalam jadwal"))) | Z56: =IF(X56="Belum dinilai","Belum dinilai",IF(AND(OR(X56="Siap",X56="Dikecualikan"),Y56="Dalam jadwal"),"Tidak","Ya"))
B57: A.7.6 | C57: Physical | D57: Bekerja di area aman | E57: Aturan aktivitas di area aman ditetapkan dan dipantau | F57: Secure area procedure, access list, visitor escort record | G57: Berlaku | H57: Kontrol A.7.6 relevan dan wajib diterapkan pada platform operasional auditsphere.app. | I57: Diterapkan | J57: Lengkap | K57: DOC-Office-Security-Procedure | L57: Operations Lead | M57: 46302 | N57: 46477 | O57: Memadai | P57: Efektif | Q57: Area kerja tim pengembang dan administrasi sistem diamankan dengan otorisasi akses fisik. | R57: Pertahankan efektivitas kontrol dan lakukan review operasional berkala | S57: Sedang | T57: 46477 | U57: Dimas (Group Vision) | V57: 46302 | W57: =IF(G57="Belum ditentukan","Tentukan relevansi",IF(G57="Tidak berlaku",IF(OR(H57="",U57="",V57=""),"Lengkapi justifikasi","Tercatat"),IF(OR(J57="",L57="",N57="",O57="",P57=""),"Lengkapi assessment",IF(AND(I57="Diterapkan",J57="Lengkap",O57="Memadai",P57="Efektif",OR(K57="",U57="",V57="")),"Lengkapi bukti/reviewer","Tercatat")))) | X57: =IF(G57="Belum ditentukan","Belum dinilai",IF(G57="Tidak berlaku",IF(W57="Tercatat","Dikecualikan","Belum siap"),IF(AND(I57="Diterapkan",J57="Lengkap",O57="Memadai",P57="Efektif",W57="Tercatat"),"Siap","Belum siap"))) | Y57: =IF(G57="Belum ditentukan","Belum dijadwalkan",IF(N57="","Tanpa jadwal",IF(N57<'Master Data'!$C$9,"Review lewat","Dalam jadwal"))) | Z57: =IF(X57="Belum dinilai","Belum dinilai",IF(AND(OR(X57="Siap",X57="Dikecualikan"),Y57="Dalam jadwal"),"Tidak","Ya"))
B58: A.7.7 | C58: Physical | D58: Meja bersih dan layar bersih | E58: Informasi dan perangkat tidak ditinggalkan tanpa perlindungan | F58: Policy, spot-check record, screen-lock config, awareness | G58: Berlaku | H58: Kontrol A.7.7 relevan dan wajib diterapkan pada platform operasional auditsphere.app. | I58: Diterapkan | J58: Lengkap | K58: SRC-frontend/composables/useAuth.ts | L58: Lead Developer | M58: 46302 | N58: 46477 | O58: Memadai | P58: Efektif | Q58: Session idle timeout 15 menit otomatis aktif di frontend dan kebijakan clean desk diterapkan. | R58: Pertahankan efektivitas kontrol dan lakukan review operasional berkala | S58: Sedang | T58: 46477 | U58: Dimas (Group Vision) | V58: 46302 | W58: =IF(G58="Belum ditentukan","Tentukan relevansi",IF(G58="Tidak berlaku",IF(OR(H58="",U58="",V58=""),"Lengkapi justifikasi","Tercatat"),IF(OR(J58="",L58="",N58="",O58="",P58=""),"Lengkapi assessment",IF(AND(I58="Diterapkan",J58="Lengkap",O58="Memadai",P58="Efektif",OR(K58="",U58="",V58="")),"Lengkapi bukti/reviewer","Tercatat")))) | X58: =IF(G58="Belum ditentukan","Belum dinilai",IF(G58="Tidak berlaku",IF(W58="Tercatat","Dikecualikan","Belum siap"),IF(AND(I58="Diterapkan",J58="Lengkap",O58="Memadai",P58="Efektif",W58="Tercatat"),"Siap","Belum siap"))) | Y58: =IF(G58="Belum ditentukan","Belum dijadwalkan",IF(N58="","Tanpa jadwal",IF(N58<'Master Data'!$C$9,"Review lewat","Dalam jadwal"))) | Z58: =IF(X58="Belum dinilai","Belum dinilai",IF(AND(OR(X58="Siap",X58="Dikecualikan"),Y58="Dalam jadwal"),"Tidak","Ya"))
... B65: A.7.14 | C65: Physical | D65: Pembuangan atau penggunaan ulang peralatan | E65: Data dihapus aman sebelum aset dibuang atau digunakan ulang | F65: Sanitization log, disposal certificate, asset update, approval | G65: Berlaku | H65: Kontrol A.7.14 relevan dan wajib diterapkan pada platform operasional auditsphere.app. | I65: Diterapkan | J65: Lengkap | K65: DOC-CES-001-Sec5 | L65: DevOps Lead | M65: 46302 | N65: 46477 | O65: Memadai | P65: Efektif | Q65: Prosedur sanitasi data aman (cryptographic wipe) diterapkan saat penghapusan disk/volume cadangan. | R65: Pertahankan efektivitas kontrol dan lakukan review operasional berkala | S65: Sedang | T65: 46477 | U65: Dimas (Group Vision) | V65: 46302 | W65: =IF(G65="Belum ditentukan","Tentukan relevansi",IF(G65="Tidak berlaku",IF(OR(H65="",U65="",V65=""),"Lengkapi justifikasi","Tercatat"),IF(OR(J65="",L65="",N65="",O65="",P65=""),"Lengkapi assessment",IF(AND(I65="Diterapkan",J65="Lengkap",O65="Memadai",P65="Efektif",OR(K65="",U65="",V65="")),"Lengkapi bukti/reviewer","Tercatat")))) | X65: =IF(G65="Belum ditentukan","Belum dinilai",IF(G65="Tidak berlaku",IF(W65="Tercatat","Dikecualikan","Belum siap"),IF(AND(I65="Diterapkan",J65="Lengkap",O65="Memadai",P65="Efektif",W65="Tercatat"),"Siap","Belum siap"))) | Y65: =IF(G65="Belum ditentukan","Belum dijadwalkan",IF(N65="","Tanpa jadwal",IF(N65<'Master Data'!$C$9,"Review lewat","Dalam jadwal"))) | Z65: =IF(X65="Belum dinilai","Belum dinilai",IF(AND(OR(X65="Siap",X65="Dikecualikan"),Y65="Dalam jadwal"),"Tidak","Ya"))
B66: A.8.1 | C66: Technological | D66: Perangkat endpoint pengguna | E66: Endpoint dikonfigurasi, dipantau, dan dilindungi sesuai standar | F66: Endpoint standard, MDM/EDR report, encryption, patch status | G66: Berlaku | H66: Melindungi integritas perangkat kerja yang mengakses repositori dan server produksi. | L66: DevOps Lead | M66: 46302 | N66: 46418 | Q66: Belum diterapkan sistem Mobile Device Management (MDM) terpusat untuk memantau postur kepatuhan endpoint kerja. | R66: Rekomendasi: Terapkan MDM (misal Microsoft Intune / FleetDM) untuk memverifikasi enkripsi disk BitLocker, EDR aktif, dan update patch OS otomatis pada seluruh laptop tim. | S66: Sedang | T66: 46418 | W66: =IF(G66="Belum ditentukan","Tentukan relevansi",IF(G66="Tidak berlaku",IF(OR(H66="",U66="",V66=""),"Lengkapi justifikasi","Tercatat"),IF(OR(J66="",L66="",N66="",O66="",P66=""),"Lengkapi assessment",IF(AND(I66="Diterapkan",J66="Lengkap",O66="Memadai",P66="Efektif",OR(K66="",U66="",V66="")),"Lengkapi bukti/reviewer","Tercatat")))) | X66: =IF(G66="Belum ditentukan","Belum dinilai",IF(G66="Tidak berlaku",IF(W66="Tercatat","Dikecualikan","Belum siap"),IF(AND(I66="Diterapkan",J66="Lengkap",O66="Memadai",P66="Efektif",W66="Tercatat"),"Siap","Belum siap"))) | Y66: =IF(G66="Belum ditentukan","Belum dijadwalkan",IF(N66="","Tanpa jadwal",IF(N66<'Master Data'!$C$9,"Review lewat","Dalam jadwal"))) | Z66: =IF(X66="Belum dinilai","Belum dinilai",IF(AND(OR(X66="Siap",X66="Dikecualikan"),Y66="Dalam jadwal"),"Tidak","Ya"))
B67: A.8.2 | C67: Technological | D67: Hak akses istimewa | E67: Privileged access dibatasi, disetujui, dan ditinjau | F67: PAM report, admin list, approval, session log, recertification | G67: Berlaku | H67: Kontrol A.8.2 relevan dan wajib diterapkan pada platform operasional auditsphere.app. | I67: Diterapkan | J67: Lengkap | K67: TEC-SSH-Hardening | L67: DevOps Lead | M67: 46302 | N67: 46477 | O67: Memadai | P67: Efektif | Q67: Hak istimewa root dibatasi; database root dipisahkan dari user aplikasi; MFA wajib bagi admin. | R67: Pertahankan efektivitas kontrol dan lakukan review operasional berkala | S67: Sedang | T67: 46477 | U67: Dimas (Group Vision) | V67: 46302 | W67: =IF(G67="Belum ditentukan","Tentukan relevansi",IF(G67="Tidak berlaku",IF(OR(H67="",U67="",V67=""),"Lengkapi justifikasi","Tercatat"),IF(OR(J67="",L67="",N67="",O67="",P67=""),"Lengkapi assessment",IF(AND(I67="Diterapkan",J67="Lengkap",O67="Memadai",P67="Efektif",OR(K67="",U67="",V67="")),"Lengkapi bukti/reviewer","Tercatat")))) | X67: =IF(G67="Belum ditentukan","Belum dinilai",IF(G67="Tidak berlaku",IF(W67="Tercatat","Dikecualikan","Belum siap"),IF(AND(I67="Diterapkan",J67="Lengkap",O67="Memadai",P67="Efektif",W67="Tercatat"),"Siap","Belum siap"))) | Y67: =IF(G67="Belum ditentukan","Belum dijadwalkan",IF(N67="","Tanpa jadwal",IF(N67<'Master Data'!$C$9,"Review lewat","Dalam jadwal"))) | Z67: =IF(X67="Belum dinilai","Belum dinilai",IF(AND(OR(X67="Siap",X67="Dikecualikan"),Y67="Dalam jadwal"),"Tidak","Ya"))
B68: A.8.3 | C68: Technological | D68: Pembatasan akses informasi | E68: Akses data dan fungsi dibatasi sesuai kebutuhan bisnis | F68: RBAC matrix, ACL export, test access, access review | G68: Berlaku | H68: Kontrol A.8.3 relevan dan wajib diterapkan pada platform operasional auditsphere.app. | I68: Diterapkan | J68: Lengkap | K68: SRC-backend/tenants | L68: Engineering Lead | M68: 46302 | N68: 46477 | O68: Memadai | P68: Efektif | Q68: Pemisahan skema multi-tenant pada PostgreSQL membatasi akses data antar-organisasi secara ketat. | R68: Pertahankan efektivitas kontrol dan lakukan review operasional berkala | S68: Sedang | T68: 46477 | U68: Dimas (Group Vision) | V68: 46302 | W68: =IF(G68="Belum ditentukan","Tentukan relevansi",IF(G68="Tidak berlaku",IF(OR(H68="",U68="",V68=""),"Lengkapi justifikasi","Tercatat"),IF(OR(J68="",L68="",N68="",O68="",P68=""),"Lengkapi assessment",IF(AND(I68="Diterapkan",J68="Lengkap",O68="Memadai",P68="Efektif",OR(K68="",U68="",V68="")),"Lengkapi bukti/reviewer","Tercatat")))) | X68: =IF(G68="Belum ditentukan","Belum dinilai",IF(G68="Tidak berlaku",IF(W68="Tercatat","Dikecualikan","Belum siap"),IF(AND(I68="Diterapkan",J68="Lengkap",O68="Memadai",P68="Efektif",W68="Tercatat"),"Siap","Belum siap"))) | Y68: =IF(G68="Belum ditentukan","Belum dijadwalkan",IF(N68="","Tanpa jadwal",IF(N68<'Master Data'!$C$9,"Review lewat","Dalam jadwal"))) | Z68: =IF(X68="Belum dinilai","Belum dinilai",IF(AND(OR(X68="Siap",X68="Dikecualikan"),Y68="Dalam jadwal"),"Tidak","Ya"))
B69: A.8.4 | C69: Technological | D69: Akses ke source code | E69: Repositori kode dan alat pengembangan memiliki akses terbatas | F69: Repo permissions, branch protection, access review, audit log | G69: Berlaku | H69: Kontrol A.8.4 relevan dan wajib diterapkan pada platform operasional auditsphere.app. | I69: Diterapkan | J69: Lengkap | K69: TEC-GitHub-BranchProtection | L69: Tech Lead AIFL | M69: 46302 | N69: 46477 | O69: Memadai | P69: Efektif | Q69: Akses source code privat dilindungi branch protection, audit PR mandatory, dan 2FA enforcement. | R69: Pertahankan efektivitas kontrol dan lakukan review operasional berkala | S69: Sedang | T69: 46477 | U69: Dimas (Group Vision) | V69: 46302 | W69: =IF(G69="Belum ditentukan","Tentukan relevansi",IF(G69="Tidak berlaku",IF(OR(H69="",U69="",V69=""),"Lengkapi justifikasi","Tercatat"),IF(OR(J69="",L69="",N69="",O69="",P69=""),"Lengkapi assessment",IF(AND(I69="Diterapkan",J69="Lengkap",O69="Memadai",P69="Efektif",OR(K69="",U69="",V69="")),"Lengkapi bukti/reviewer","Tercatat")))) | X69: =IF(G69="Belum ditentukan","Belum dinilai",IF(G69="Tidak berlaku",IF(W69="Tercatat","Dikecualikan","Belum siap"),IF(AND(I69="Diterapkan",J69="Lengkap",O69="Memadai",P69="Efektif",W69="Tercatat"),"Siap","Belum siap"))) | Y69: =IF(G69="Belum ditentukan","Belum dijadwalkan",IF(N69="","Tanpa jadwal",IF(N69<'Master Data'!$C$9,"Review lewat","Dalam jadwal"))) | Z69: =IF(X69="Belum dinilai","Belum dinilai",IF(AND(OR(X69="Siap",X69="Dikecualikan"),Y69="Dalam jadwal"),"Tidak","Ya"))
B70: A.8.5 | C70: Technological | D70: Autentikasi aman | E70: Mekanisme autentikasi sesuai risiko dan terlindungi | F70: MFA config, password policy, SSO setting, authentication log | G70: Berlaku | H70: Kontrol A.8.5 relevan dan wajib diterapkan pada platform operasional auditsphere.app. | I70: Diterapkan | J70: Lengkap | K70: SRC-backend/auth-service/services/mfa | L70: Lead Developer | M70: 46302 | N70: 46477 | O70: Memadai | P70: Efektif | Q70: Autentikasi berlapis aman dengan enkripsi password bcrypt dan Time-based OTP (TOTP) aktif. | R70: Pertahankan efektivitas kontrol dan lakukan review operasional berkala | S70: Sedang | T70: 46477 | U70: Dimas (Group Vision) | V70: 46302 | W70: =IF(G70="Belum ditentukan","Tentukan relevansi",IF(G70="Tidak berlaku",IF(OR(H70="",U70="",V70=""),"Lengkapi justifikasi","Tercatat"),IF(OR(J70="",L70="",N70="",O70="",P70=""),"Lengkapi assessment",IF(AND(I70="Diterapkan",J70="Lengkap",O70="Memadai",P70="Efektif",OR(K70="",U70="",V70="")),"Lengkapi bukti/reviewer","Tercatat")))) | X70: =IF(G70="Belum ditentukan","Belum dinilai",IF(G70="Tidak berlaku",IF(W70="Tercatat","Dikecualikan","Belum siap"),IF(AND(I70="Diterapkan",J70="Lengkap",O70="Memadai",P70="Efektif",W70="Tercatat"),"Siap","Belum siap"))) | Y70: =IF(G70="Belum ditentukan","Belum dijadwalkan",IF(N70="","Tanpa jadwal",IF(N70<'Master Data'!$C$9,"Review lewat","Dalam jadwal"))) | Z70: =IF(X70="Belum dinilai","Belum dinilai",IF(AND(OR(X70="Siap",X70="Dikecualikan"),Y70="Dalam jadwal"),"Tidak","Ya"))
B71: A.8.6 | C71: Technological | D71: Manajemen kapasitas | E71: Kapasitas sumber daya dipantau dan direncanakan | F71: Capacity dashboard, threshold, forecast, scaling ticket | G71: Berlaku | H71: Kontrol A.8.6 relevan dan wajib diterapkan pada platform operasional auditsphere.app. | I71: Diterapkan | J71: Lengkap | K71: DOC-SIZING_GUIDE.md | L71: DevOps Lead | M71: 46302 | N71: 46477 | O71: Memadai | P71: Efektif | Q71: Pemantauan utilisasi kapasitas dan batasan alokasi memori heap Kafka/PostgreSQL terukur. | R71: Pertahankan efektivitas kontrol dan lakukan review operasional berkala | S71: Sedang | T71: 46477 | U71: Dimas (Group Vision) | V71: 46302 | W71: =IF(G71="Belum ditentukan","Tentukan relevansi",IF(G71="Tidak berlaku",IF(OR(H71="",U71="",V71=""),"Lengkapi justifikasi","Tercatat"),IF(OR(J71="",L71="",N71="",O71="",P71=""),"Lengkapi assessment",IF(AND(I71="Diterapkan",J71="Lengkap",O71="Memadai",P71="Efektif",OR(K71="",U71="",V71="")),"Lengkapi bukti/reviewer","Tercatat")))) | X71: =IF(G71="Belum ditentukan","Belum dinilai",IF(G71="Tidak berlaku",IF(W71="Tercatat","Dikecualikan","Belum siap"),IF(AND(I71="Diterapkan",J71="Lengkap",O71="Memadai",P71="Efektif",W71="Tercatat"),"Siap","Belum siap"))) | Y71: =IF(G71="Belum ditentukan","Belum dijadwalkan",IF(N71="","Tanpa jadwal",IF(N71<'Master Data'!$C$9,"Review lewat","Dalam jadwal"))) | Z71: =IF(X71="Belum dinilai","Belum dinilai",IF(AND(OR(X71="Siap",X71="Dikecualikan"),Y71="Dalam jadwal"),"Tidak","Ya"))
B72: A.8.7 | C72: Technological | D72: Perlindungan terhadap malware | E72: Pencegahan, deteksi, respons, dan awareness malware diterapkan | F72: EDR/AV console, policy, alert ticket, coverage report | G72: Berlaku | H72: Melindungi server dari file berbahaya yang disisipkan melalui unggahan bukti audit kertas kerja. | L72: Engineering Lead | M72: 46302 | N72: 46356 | Q72: File upload lampiran bukti audit belum dipindai secara otomatis oleh antivirus/malware scanner saat proses upload. | R72: Rekomendasi: Integrasikan ClamAV daemon container pada rute upload dokumen di backend/audit-service untuk memindai berkas sebelum disimpan ke disk storage. | S72: Tinggi | T72: 46356 | W72: =IF(G72="Belum ditentukan","Tentukan relevansi",IF(G72="Tidak berlaku",IF(OR(H72="",U72="",V72=""),"Lengkapi justifikasi","Tercatat"),IF(OR(J72="",L72="",N72="",O72="",P72=""),"Lengkapi assessment",IF(AND(I72="Diterapkan",J72="Lengkap",O72="Memadai",P72="Efektif",OR(K72="",U72="",V72="")),"Lengkapi bukti/reviewer","Tercatat")))) | X72: =IF(G72="Belum ditentukan","Belum dinilai",IF(G72="Tidak berlaku",IF(W72="Tercatat","Dikecualikan","Belum siap"),IF(AND(I72="Diterapkan",J72="Lengkap",O72="Memadai",P72="Efektif",W72="Tercatat"),"Siap","Belum siap"))) | Y72: =IF(G72="Belum ditentukan","Belum dijadwalkan",IF(N72="","Tanpa jadwal",IF(N72<'Master Data'!$C$9,"Review lewat","Dalam jadwal"))) | Z72: =IF(X72="Belum dinilai","Belum dinilai",IF(AND(OR(X72="Siap",X72="Dikecualikan"),Y72="Dalam jadwal"),"Tidak","Ya"))
B73: A.8.8 | C73: Technological | D73: Pengelolaan kerentanan teknis | E73: Kerentanan diidentifikasi, diprioritaskan, dan diperbaiki tepat waktu | F73: Scan report, patch SLA, remediation ticket, exception register | G73: Berlaku | H73: Mendeteksi celah keamanan kode dan dependensi sebelum dirilis ke lingkungan produksi. | L73: DevOps / QA Lead | M73: 46302 | N73: 46356 | Q73: Pemindaian kerentanan SAST/DAST otomatis pada pipeline CI/CD belum berjalan sebagai quality gate wajib. | R73: Rekomendasi: Pasang Semgrep/SonarQube (SAST) dan OWASP ZAP (DAST) pada alur CI/CD GitHub Actions dengan ambang batas pemblokiran merge untuk severity High/Critical. | S73: Tinggi | T73: 46356 | W73: =IF(G73="Belum ditentukan","Tentukan relevansi",IF(G73="Tidak berlaku",IF(OR(H73="",U73="",V73=""),"Lengkapi justifikasi","Tercatat"),IF(OR(J73="",L73="",N73="",O73="",P73=""),"Lengkapi assessment",IF(AND(I73="Diterapkan",J73="Lengkap",O73="Memadai",P73="Efektif",OR(K73="",U73="",V73="")),"Lengkapi bukti/reviewer","Tercatat")))) | X73: =IF(G73="Belum ditentukan","Belum dinilai",IF(G73="Tidak berlaku",IF(W73="Tercatat","Dikecualikan","Belum siap"),IF(AND(I73="Diterapkan",J73="Lengkap",O73="Memadai",P73="Efektif",W73="Tercatat"),"Siap","Belum siap"))) | Y73: =IF(G73="Belum ditentukan","Belum dijadwalkan",IF(N73="","Tanpa jadwal",IF(N73<'Master Data'!$C$9,"Review lewat","Dalam jadwal"))) | Z73: =IF(X73="Belum dinilai","Belum dinilai",IF(AND(OR(X73="Siap",X73="Dikecualikan"),Y73="Dalam jadwal"),"Tidak","Ya"))
B74: A.8.9 | C74: Technological | D74: Manajemen konfigurasi | E74: Baseline konfigurasi ditetapkan, diterapkan, dan dipantau | F74: Hardening baseline, config inventory, drift report, approval | G74: Berlaku | H74: Kontrol A.8.9 relevan dan wajib diterapkan pada platform operasional auditsphere.app. | I74: Diterapkan | J74: Lengkap | K74: TEC-Docker-Compose-Prod | L74: DevOps Lead | M74: 46302 | N74: 46477 | O74: Memadai | P74: Efektif | Q74: Baseline konfigurasi sistem didefinisikan secara deklaratif pada docker-compose.prod.yml dan kong.yml. | R74: Pertahankan efektivitas kontrol dan lakukan review operasional berkala | S74: Sedang | T74: 46477 | U74: Dimas (Group Vision) | V74: 46302 | W74: =IF(G74="Belum ditentukan","Tentukan relevansi",IF(G74="Tidak berlaku",IF(OR(H74="",U74="",V74=""),"Lengkapi justifikasi","Tercatat"),IF(OR(J74="",L74="",N74="",O74="",P74=""),"Lengkapi assessment",IF(AND(I74="Diterapkan",J74="Lengkap",O74="Memadai",P74="Efektif",OR(K74="",U74="",V74="")),"Lengkapi bukti/reviewer","Tercatat")))) | X74: =IF(G74="Belum ditentukan","Belum dinilai",IF(G74="Tidak berlaku",IF(W74="Tercatat","Dikecualikan","Belum siap"),IF(AND(I74="Diterapkan",J74="Lengkap",O74="Memadai",P74="Efektif",W74="Tercatat"),"Siap","Belum siap"))) | Y74: =IF(G74="Belum ditentukan","Belum dijadwalkan",IF(N74="","Tanpa jadwal",IF(N74<'Master Data'!$C$9,"Review lewat","Dalam jadwal"))) | Z74: =IF(X74="Belum dinilai","Belum dinilai",IF(AND(OR(X74="Siap",X74="Dikecualikan"),Y74="Dalam jadwal"),"Tidak","Ya"))
B75: A.8.10 | C75: Technological | D75: Penghapusan informasi | E75: Data dihapus saat tidak diperlukan dan penghapusan dapat dibuktikan | F75: Deletion procedure, retention trigger, deletion log, certificate | G75: Berlaku | H75: Kontrol A.8.10 relevan dan wajib diterapkan pada platform operasional auditsphere.app. | I75: Diterapkan | J75: Lengkap | K75: SRC-backend/audit-service/models | L75: Engineering Lead | M75: 46302 | N75: 46477 | O75: Memadai | P75: Efektif | Q75: Mekanisme soft-delete dan penghapusan data aman terintegrasi pada repository database. | R75: Pertahankan efektivitas kontrol dan lakukan review operasional berkala | S75: Sedang | T75: 46477 | U75: Dimas (Group Vision) | V75: 46302 | W75: =IF(G75="Belum ditentukan","Tentukan relevansi",IF(G75="Tidak berlaku",IF(OR(H75="",U75="",V75=""),"Lengkapi justifikasi","Tercatat"),IF(OR(J75="",L75="",N75="",O75="",P75=""),"Lengkapi assessment",IF(AND(I75="Diterapkan",J75="Lengkap",O75="Memadai",P75="Efektif",OR(K75="",U75="",V75="")),"Lengkapi bukti/reviewer","Tercatat")))) | X75: =IF(G75="Belum ditentukan","Belum dinilai",IF(G75="Tidak berlaku",IF(W75="Tercatat","Dikecualikan","Belum siap"),IF(AND(I75="Diterapkan",J75="Lengkap",O75="Memadai",P75="Efektif",W75="Tercatat"),"Siap","Belum siap"))) | Y75: =IF(G75="Belum ditentukan","Belum dijadwalkan",IF(N75="","Tanpa jadwal",IF(N75<'Master Data'!$C$9,"Review lewat","Dalam jadwal"))) | Z75: =IF(X75="Belum dinilai","Belum dinilai",IF(AND(OR(X75="Siap",X75="Dikecualikan"),Y75="Dalam jadwal"),"Tidak","Ya"))
B76: A.8.11 | C76: Technological | D76: Data masking | E76: Masking diterapkan sesuai risiko dan tujuan penggunaan | F76: Masking rule, sample output, config, access approval | G76: Berlaku | H76: Melindungi kerahasiaan PII dan informasi rekening sensitif pada modul AI analytics. | L76: AI Engineer | M76: 46302 | N76: 46356 | Q76: Data masking di frontend analitik telah berjalan, namun modul otomatis PII scrubbing sebelum prompt dikirim ke endpoint AI/LLM belum terpasang. | R76: Rekomendasi: Implementasikan middleware penyamaran (masking regex) PII pada endpoint /server/api/openai.ts sebelum query dikirim ke model eksternal. | S76: Tinggi | T76: 46356 | W76: =IF(G76="Belum ditentukan","Tentukan relevansi",IF(G76="Tidak berlaku",IF(OR(H76="",U76="",V76=""),"Lengkapi justifikasi","Tercatat"),IF(OR(J76="",L76="",N76="",O76="",P76=""),"Lengkapi assessment",IF(AND(I76="Diterapkan",J76="Lengkap",O76="Memadai",P76="Efektif",OR(K76="",U76="",V76="")),"Lengkapi bukti/reviewer","Tercatat")))) | X76: =IF(G76="Belum ditentukan","Belum dinilai",IF(G76="Tidak berlaku",IF(W76="Tercatat","Dikecualikan","Belum siap"),IF(AND(I76="Diterapkan",J76="Lengkap",O76="Memadai",P76="Efektif",W76="Tercatat"),"Siap","Belum siap"))) | Y76: =IF(G76="Belum ditentukan","Belum dijadwalkan",IF(N76="","Tanpa jadwal",IF(N76<'Master Data'!$C$9,"Review lewat","Dalam jadwal"))) | Z76: =IF(X76="Belum dinilai","Belum dinilai",IF(AND(OR(X76="Siap",X76="Dikecualikan"),Y76="Dalam jadwal"),"Tidak","Ya"))
B77: A.8.12 | C77: Technological | D77: Pencegahan kebocoran data | E77: Kanal kebocoran dipantau dan dikendalikan sesuai klasifikasi | F77: DLP policy, rule set, alert log, incident ticket | G77: Berlaku | H77: Mencegah kebocoran data rahasia audit klien ke domain publik atau jaringan eksternal. | L77: Security Architect | M77: 46302 | N77: 46387 | Q77: Sistem Data Loss Prevention (DLP) otomatis berbasis konten belum aktif pada API Gateway. | R77: Rekomendasi: Pasang aturan Content-Security/DLP pattern filter pada Kong Gateway untuk mendeteksi transfer massal data sensitif ke tujuan tidak sah. | S77: Sedang | T77: 46387 | W77: =IF(G77="Belum ditentukan","Tentukan relevansi",IF(G77="Tidak berlaku",IF(OR(H77="",U77="",V77=""),"Lengkapi justifikasi","Tercatat"),IF(OR(J77="",L77="",N77="",O77="",P77=""),"Lengkapi assessment",IF(AND(I77="Diterapkan",J77="Lengkap",O77="Memadai",P77="Efektif",OR(K77="",U77="",V77="")),"Lengkapi bukti/reviewer","Tercatat")))) | X77: =IF(G77="Belum ditentukan","Belum dinilai",IF(G77="Tidak berlaku",IF(W77="Tercatat","Dikecualikan","Belum siap"),IF(AND(I77="Diterapkan",J77="Lengkap",O77="Memadai",P77="Efektif",W77="Tercatat"),"Siap","Belum siap"))) | Y77: =IF(G77="Belum ditentukan","Belum dijadwalkan",IF(N77="","Tanpa jadwal",IF(N77<'Master Data'!$C$9,"Review lewat","Dalam jadwal"))) | Z77: =IF(X77="Belum dinilai","Belum dinilai",IF(AND(OR(X77="Siap",X77="Dikecualikan"),Y77="Dalam jadwal"),"Tidak","Ya"))
B78: A.8.13 | C78: Technological | D78: Pencadangan informasi | E78: Backup sesuai kebutuhan, terlindungi, dan diuji pemulihannya | F78: Backup policy, job log, restore test, encryption, retention | G78: Berlaku | H78: Kontrol A.8.13 relevan dan wajib diterapkan pada platform operasional auditsphere.app. | I78: Diterapkan | J78: Lengkap | K78: TEC-Postgres-DailyBackup | L78: DevOps Lead | M78: 46302 | N78: 46477 | O78: Memadai | P78: Efektif | Q78: Backup harian snapshot basis data otomatis tersimpan di secondary directory dan diuji berkala. | R78: Pertahankan efektivitas kontrol dan lakukan review operasional berkala | S78: Sedang | T78: 46477 | U78: Dimas (Group Vision) | V78: 46302 | W78: =IF(G78="Belum ditentukan","Tentukan relevansi",IF(G78="Tidak berlaku",IF(OR(H78="",U78="",V78=""),"Lengkapi justifikasi","Tercatat"),IF(OR(J78="",L78="",N78="",O78="",P78=""),"Lengkapi assessment",IF(AND(I78="Diterapkan",J78="Lengkap",O78="Memadai",P78="Efektif",OR(K78="",U78="",V78="")),"Lengkapi bukti/reviewer","Tercatat")))) | X78: =IF(G78="Belum ditentukan","Belum dinilai",IF(G78="Tidak berlaku",IF(W78="Tercatat","Dikecualikan","Belum siap"),IF(AND(I78="Diterapkan",J78="Lengkap",O78="Memadai",P78="Efektif",W78="Tercatat"),"Siap","Belum siap"))) | Y78: =IF(G78="Belum ditentukan","Belum dijadwalkan",IF(N78="","Tanpa jadwal",IF(N78<'Master Data'!$C$9,"Review lewat","Dalam jadwal"))) | Z78: =IF(X78="Belum dinilai","Belum dinilai",IF(AND(OR(X78="Siap",X78="Dikecualikan"),Y78="Dalam jadwal"),"Tidak","Ya"))
B79: A.8.14 | C79: Technological | D79: Redundansi fasilitas pemrosesan informasi | E79: Redundansi mendukung kebutuhan ketersediaan layanan | F79: Architecture, failover config, test result, capacity evidence | G79: Berlaku | H79: Menjamin ketersediaan tinggi (High Availability) sistem saat terjadi gangguan node fisik. | L79: Infrastructure Lead | M79: 46302 | N79: 46387 | Q79: Infrastruktur produksi saat ini masih berjalan di single-node VPS (belum multi-node HA cluster). | R79: Rekomendasi: Implementasikan arsitektur Patroni PostgreSQL HA Cluster (1 Primary + 2 Standby Replicas) dan redundansi load balancer sesuai roadmap Bab 12.3. | S79: Tinggi | T79: 46387 | W79: =IF(G79="Belum ditentukan","Tentukan relevansi",IF(G79="Tidak berlaku",IF(OR(H79="",U79="",V79=""),"Lengkapi justifikasi","Tercatat"),IF(OR(J79="",L79="",N79="",O79="",P79=""),"Lengkapi assessment",IF(AND(I79="Diterapkan",J79="Lengkap",O79="Memadai",P79="Efektif",OR(K79="",U79="",V79="")),"Lengkapi bukti/reviewer","Tercatat")))) | X79: =IF(G79="Belum ditentukan","Belum dinilai",IF(G79="Tidak berlaku",IF(W79="Tercatat","Dikecualikan","Belum siap"),IF(AND(I79="Diterapkan",J79="Lengkap",O79="Memadai",P79="Efektif",W79="Tercatat"),"Siap","Belum siap"))) | Y79: =IF(G79="Belum ditentukan","Belum dijadwalkan",IF(N79="","Tanpa jadwal",IF(N79<'Master Data'!$C$9,"Review lewat","Dalam jadwal"))) | Z79: =IF(X79="Belum dinilai","Belum dinilai",IF(AND(OR(X79="Siap",X79="Dikecualikan"),Y79="Dalam jadwal"),"Tidak","Ya"))
B80: A.8.15 | C80: Technological | D80: Logging | E80: Log aktivitas penting dibuat, dilindungi, dan disimpan | F80: Logging standard, SIEM source list, retention, sample log | G80: Berlaku | H80: Kontrol A.8.15 relevan dan wajib diterapkan pada platform operasional auditsphere.app. | I80: Diterapkan | J80: Lengkap | K80: SRC-backend/auth-service/pkg/kafka | L80: Engineering Lead | M80: 46302 | N80: 46477 | O80: Memadai | P80: Efektif | Q80: Audit logging terstruktur mencatat timestamp, user ID, aksi, dan SHA-256 event checksum. | R80: Pertahankan efektivitas kontrol dan lakukan review operasional berkala | S80: Sedang | T80: 46477 | U80: Dimas (Group Vision) | V80: 46302 | W80: =IF(G80="Belum ditentukan","Tentukan relevansi",IF(G80="Tidak berlaku",IF(OR(H80="",U80="",V80=""),"Lengkapi justifikasi","Tercatat"),IF(OR(J80="",L80="",N80="",O80="",P80=""),"Lengkapi assessment",IF(AND(I80="Diterapkan",J80="Lengkap",O80="Memadai",P80="Efektif",OR(K80="",U80="",V80="")),"Lengkapi bukti/reviewer","Tercatat")))) | X80: =IF(G80="Belum ditentukan","Belum dinilai",IF(G80="Tidak berlaku",IF(W80="Tercatat","Dikecualikan","Belum siap"),IF(AND(I80="Diterapkan",J80="Lengkap",O80="Memadai",P80="Efektif",W80="Tercatat"),"Siap","Belum siap"))) | Y80: =IF(G80="Belum ditentukan","Belum dijadwalkan",IF(N80="","Tanpa jadwal",IF(N80<'Master Data'!$C$9,"Review lewat","Dalam jadwal"))) | Z80: =IF(X80="Belum dinilai","Belum dinilai",IF(AND(OR(X80="Siap",X80="Dikecualikan"),Y80="Dalam jadwal"),"Tidak","Ya"))
B81: A.8.16 | C81: Technological | D81: Aktivitas pemantauan | E81: Aktivitas sistem dipantau dan anomali ditindaklanjuti | F81: Monitoring dashboard, alert rule, ticket, escalation record | G81: Berlaku | H81: Kontrol A.8.16 relevan dan wajib diterapkan pada platform operasional auditsphere.app. | I81: Diterapkan | J81: Lengkap | K81: TEC-Kong-Prometheus-Plugin | L81: DevOps Lead | M81: 46302 | N81: 46477 | O81: Memadai | P81: Efektif | Q81: Monitoring telemetri real-time melalui plugin Prometheus pada Kong Gateway (latency & HTTP status). | R81: Pertahankan efektivitas kontrol dan lakukan review operasional berkala | S81: Sedang | T81: 46477 | U81: Dimas (Group Vision) | V81: 46302 | W81: =IF(G81="Belum ditentukan","Tentukan relevansi",IF(G81="Tidak berlaku",IF(OR(H81="",U81="",V81=""),"Lengkapi justifikasi","Tercatat"),IF(OR(J81="",L81="",N81="",O81="",P81=""),"Lengkapi assessment",IF(AND(I81="Diterapkan",J81="Lengkap",O81="Memadai",P81="Efektif",OR(K81="",U81="",V81="")),"Lengkapi bukti/reviewer","Tercatat")))) | X81: =IF(G81="Belum ditentukan","Belum dinilai",IF(G81="Tidak berlaku",IF(W81="Tercatat","Dikecualikan","Belum siap"),IF(AND(I81="Diterapkan",J81="Lengkap",O81="Memadai",P81="Efektif",W81="Tercatat"),"Siap","Belum siap"))) | Y81: =IF(G81="Belum ditentukan","Belum dijadwalkan",IF(N81="","Tanpa jadwal",IF(N81<'Master Data'!$C$9,"Review lewat","Dalam jadwal"))) | Z81: =IF(X81="Belum dinilai","Belum dinilai",IF(AND(OR(X81="Siap",X81="Dikecualikan"),Y81="Dalam jadwal"),"Tidak","Ya"))
B82: A.8.17 | C82: Technological | D82: Sinkronisasi waktu | E82: Sistem menggunakan sumber waktu yang disetujui dan konsisten | F82: NTP config, source list, drift alert, validation result | G82: Berlaku | H82: Kontrol A.8.17 relevan dan wajib diterapkan pada platform operasional auditsphere.app. | I82: Diterapkan | J82: Lengkap | K82: TEC-VPS-Systemd-Timesyncd | L82: DevOps Lead | M82: 46302 | N82: 46477 | O82: Memadai | P82: Efektif | Q82: Sinkronisasi waktu jaringan NTP terpusat aktif pada VPS host dan seluruh container Docker. | R82: Pertahankan efektivitas kontrol dan lakukan review operasional berkala | S82: Sedang | T82: 46477 | U82: Dimas (Group Vision) | V82: 46302 | W82: =IF(G82="Belum ditentukan","Tentukan relevansi",IF(G82="Tidak berlaku",IF(OR(H82="",U82="",V82=""),"Lengkapi justifikasi","Tercatat"),IF(OR(J82="",L82="",N82="",O82="",P82=""),"Lengkapi assessment",IF(AND(I82="Diterapkan",J82="Lengkap",O82="Memadai",P82="Efektif",OR(K82="",U82="",V82="")),"Lengkapi bukti/reviewer","Tercatat")))) | X82: =IF(G82="Belum ditentukan","Belum dinilai",IF(G82="Tidak berlaku",IF(W82="Tercatat","Dikecualikan","Belum siap"),IF(AND(I82="Diterapkan",J82="Lengkap",O82="Memadai",P82="Efektif",W82="Tercatat"),"Siap","Belum siap"))) | Y82: =IF(G82="Belum ditentukan","Belum dijadwalkan",IF(N82="","Tanpa jadwal",IF(N82<'Master Data'!$C$9,"Review lewat","Dalam jadwal"))) | Z82: =IF(X82="Belum dinilai","Belum dinilai",IF(AND(OR(X82="Siap",X82="Dikecualikan"),Y82="Dalam jadwal"),"Tidak","Ya"))
B83: A.8.18 | C83: Technological | D83: Program utilitas istimewa | E83: Utility yang dapat melewati kontrol dibatasi dan dicatat | F83: Utility inventory, access list, execution log, approval | G83: Berlaku | H83: Kontrol A.8.18 relevan dan wajib diterapkan pada platform operasional auditsphere.app. | I83: Diterapkan | J83: Lengkap | K83: TEC-Docker-Restricted-Cmd | L83: DevOps Lead | M83: 46302 | N83: 46477 | O83: Memadai | P83: Efektif | Q83: Utility sistem dan command eksekusi dibatasi hanya melalui binary terotentikasi di container. | R83: Pertahankan efektivitas kontrol dan lakukan review operasional berkala | S83: Sedang | T83: 46477 | U83: Dimas (Group Vision) | V83: 46302 | W83: =IF(G83="Belum ditentukan","Tentukan relevansi",IF(G83="Tidak berlaku",IF(OR(H83="",U83="",V83=""),"Lengkapi justifikasi","Tercatat"),IF(OR(J83="",L83="",N83="",O83="",P83=""),"Lengkapi assessment",IF(AND(I83="Diterapkan",J83="Lengkap",O83="Memadai",P83="Efektif",OR(K83="",U83="",V83="")),"Lengkapi bukti/reviewer","Tercatat")))) | X83: =IF(G83="Belum ditentukan","Belum dinilai",IF(G83="Tidak berlaku",IF(W83="Tercatat","Dikecualikan","Belum siap"),IF(AND(I83="Diterapkan",J83="Lengkap",O83="Memadai",P83="Efektif",W83="Tercatat"),"Siap","Belum siap"))) | Y83: =IF(G83="Belum ditentukan","Belum dijadwalkan",IF(N83="","Tanpa jadwal",IF(N83<'Master Data'!$C$9,"Review lewat","Dalam jadwal"))) | Z83: =IF(X83="Belum dinilai","Belum dinilai",IF(AND(OR(X83="Siap",X83="Dikecualikan"),Y83="Dalam jadwal"),"Tidak","Ya"))
B84: A.8.19 | C84: Technological | D84: Instalasi perangkat lunak pada sistem operasional | E84: Instalasi software pada produksi diotorisasi dan dikendalikan | F84: Allowlist, deployment record, approval, software inventory | G84: Berlaku | H84: Kontrol A.8.19 relevan dan wajib diterapkan pada platform operasional auditsphere.app. | I84: Diterapkan | J84: Lengkap | K84: SRC-deploy-prod.sh | L84: DevOps Lead | M84: 46302 | N84: 46477 | O84: Memadai | P84: Efektif | Q84: Instalasi software pada server produksi dikendalikan ketat melalui script deployment terkontrol. | R84: Pertahankan efektivitas kontrol dan lakukan review operasional berkala | S84: Sedang | T84: 46477 | U84: Dimas (Group Vision) | V84: 46302 | W84: =IF(G84="Belum ditentukan","Tentukan relevansi",IF(G84="Tidak berlaku",IF(OR(H84="",U84="",V84=""),"Lengkapi justifikasi","Tercatat"),IF(OR(J84="",L84="",N84="",O84="",P84=""),"Lengkapi assessment",IF(AND(I84="Diterapkan",J84="Lengkap",O84="Memadai",P84="Efektif",OR(K84="",U84="",V84="")),"Lengkapi bukti/reviewer","Tercatat")))) | X84: =IF(G84="Belum ditentukan","Belum dinilai",IF(G84="Tidak berlaku",IF(W84="Tercatat","Dikecualikan","Belum siap"),IF(AND(I84="Diterapkan",J84="Lengkap",O84="Memadai",P84="Efektif",W84="Tercatat"),"Siap","Belum siap"))) | Y84: =IF(G84="Belum ditentukan","Belum dijadwalkan",IF(N84="","Tanpa jadwal",IF(N84<'Master Data'!$C$9,"Review lewat","Dalam jadwal"))) | Z84: =IF(X84="Belum dinilai","Belum dinilai",IF(AND(OR(X84="Siap",X84="Dikecualikan"),Y84="Dalam jadwal"),"Tidak","Ya"))
B85: A.8.20 | C85: Technological | D85: Keamanan jaringan | E85: Jaringan dikelola dan dilindungi dari ancaman | F85: Network diagram, firewall rule, IDS/IPS report, review log | G85: Berlaku | H85: Kontrol A.8.20 relevan dan wajib diterapkan pada platform operasional auditsphere.app. | I85: Diterapkan | J85: Lengkap | K85: TEC-UFW-Firewall | L85: DevOps Lead | M85: 46302 | N85: 46477 | O85: Memadai | P85: Efektif | Q85: Firewall UFW menutup port internal publik; Cloudflare memitigasi serangan DDoS di gateway perimeter. | R85: Pertahankan efektivitas kontrol dan lakukan review operasional berkala | S85: Sedang | T85: 46477 | U85: Dimas (Group Vision) | V85: 46302 | W85: =IF(G85="Belum ditentukan","Tentukan relevansi",IF(G85="Tidak berlaku",IF(OR(H85="",U85="",V85=""),"Lengkapi justifikasi","Tercatat"),IF(OR(J85="",L85="",N85="",O85="",P85=""),"Lengkapi assessment",IF(AND(I85="Diterapkan",J85="Lengkap",O85="Memadai",P85="Efektif",OR(K85="",U85="",V85="")),"Lengkapi bukti/reviewer","Tercatat")))) | X85: =IF(G85="Belum ditentukan","Belum dinilai",IF(G85="Tidak berlaku",IF(W85="Tercatat","Dikecualikan","Belum siap"),IF(AND(I85="Diterapkan",J85="Lengkap",O85="Memadai",P85="Efektif",W85="Tercatat"),"Siap","Belum siap"))) | Y85: =IF(G85="Belum ditentukan","Belum dijadwalkan",IF(N85="","Tanpa jadwal",IF(N85<'Master Data'!$C$9,"Review lewat","Dalam jadwal"))) | Z85: =IF(X85="Belum dinilai","Belum dinilai",IF(AND(OR(X85="Siap",X85="Dikecualikan"),Y85="Dalam jadwal"),"Tidak","Ya"))
B86: A.8.21 | C86: Technological | D86: Keamanan layanan jaringan | E86: Persyaratan dan tingkat layanan keamanan jaringan ditetapkan | F86: Service catalogue, SLA, network security spec, monitoring | G86: Berlaku | H86: Kontrol A.8.21 relevan dan wajib diterapkan pada platform operasional auditsphere.app. | I86: Diterapkan | J86: Lengkap | K86: TEC-Cloudflare-Network-Security | L86: DevOps Lead | M86: 46302 | N86: 46477 | O86: Memadai | P86: Efektif | Q86: Tingkat layanan keamanan jaringan dijamin oleh Cloudflare CDN/WAF dan perjanjian SLA provider. | R86: Pertahankan efektivitas kontrol dan lakukan review operasional berkala | S86: Sedang | T86: 46477 | U86: Dimas (Group Vision) | V86: 46302 | W86: =IF(G86="Belum ditentukan","Tentukan relevansi",IF(G86="Tidak berlaku",IF(OR(H86="",U86="",V86=""),"Lengkapi justifikasi","Tercatat"),IF(OR(J86="",L86="",N86="",O86="",P86=""),"Lengkapi assessment",IF(AND(I86="Diterapkan",J86="Lengkap",O86="Memadai",P86="Efektif",OR(K86="",U86="",V86="")),"Lengkapi bukti/reviewer","Tercatat")))) | X86: =IF(G86="Belum ditentukan","Belum dinilai",IF(G86="Tidak berlaku",IF(W86="Tercatat","Dikecualikan","Belum siap"),IF(AND(I86="Diterapkan",J86="Lengkap",O86="Memadai",P86="Efektif",W86="Tercatat"),"Siap","Belum siap"))) | Y86: =IF(G86="Belum ditentukan","Belum dijadwalkan",IF(N86="","Tanpa jadwal",IF(N86<'Master Data'!$C$9,"Review lewat","Dalam jadwal"))) | Z86: =IF(X86="Belum dinilai","Belum dinilai",IF(AND(OR(X86="Siap",X86="Dikecualikan"),Y86="Dalam jadwal"),"Tidak","Ya"))
B87: A.8.22 | C87: Technological | D87: Segregasi jaringan | E87: Segmen jaringan dipisahkan sesuai risiko dan kebutuhan | F87: Segmentation diagram, VLAN/firewall config, test result | G87: Berlaku | H87: Kontrol A.8.22 relevan dan wajib diterapkan pada platform operasional auditsphere.app. | I87: Diterapkan | J87: Lengkap | K87: DOC-ISO-AS-001-Sec5.2 | L87: Infrastructure Lead | M87: 46302 | N87: 46477 | O87: Memadai | P87: Efektif | Q87: Segregasi jaringan multi-tier: Ingress (Kong:8080/443), App Tier, dan Data Tier (DB/Redis terisolasi). | R87: Pertahankan efektivitas kontrol dan lakukan review operasional berkala | S87: Sedang | T87: 46477 | U87: Dimas (Group Vision) | V87: 46302 | W87: =IF(G87="Belum ditentukan","Tentukan relevansi",IF(G87="Tidak berlaku",IF(OR(H87="",U87="",V87=""),"Lengkapi justifikasi","Tercatat"),IF(OR(J87="",L87="",N87="",O87="",P87=""),"Lengkapi assessment",IF(AND(I87="Diterapkan",J87="Lengkap",O87="Memadai",P87="Efektif",OR(K87="",U87="",V87="")),"Lengkapi bukti/reviewer","Tercatat")))) | X87: =IF(G87="Belum ditentukan","Belum dinilai",IF(G87="Tidak berlaku",IF(W87="Tercatat","Dikecualikan","Belum siap"),IF(AND(I87="Diterapkan",J87="Lengkap",O87="Memadai",P87="Efektif",W87="Tercatat"),"Siap","Belum siap"))) | Y87: =IF(G87="Belum ditentukan","Belum dijadwalkan",IF(N87="","Tanpa jadwal",IF(N87<'Master Data'!$C$9,"Review lewat","Dalam jadwal"))) | Z87: =IF(X87="Belum dinilai","Belum dinilai",IF(AND(OR(X87="Siap",X87="Dikecualikan"),Y87="Dalam jadwal"),"Tidak","Ya"))
B88: A.8.23 | C88: Technological | D88: Penyaringan web | E88: Akses ke situs berbahaya atau tidak sesuai dikendalikan | F88: Web filter policy, block list, gateway report, exception log | G88: Berlaku | H88: Mencegah pergerakan lateral atau koneksi command-and-control jika container terkompromi. | L88: DevOps Lead | M88: 46302 | N88: 46418 | Q88: Filtering outbound (egress) traffic dari kontainer backend ke internet publik belum dibatasi secara ketat. | R88: Rekomendasi: Konfigurasikan egress firewall UFW/Docker agar kontainer backend hanya dapat menghubungi tujuan yang di-whitelist (OpenAI API, Mail Relay). | S88: Sedang | T88: 46418 | W88: =IF(G88="Belum ditentukan","Tentukan relevansi",IF(G88="Tidak berlaku",IF(OR(H88="",U88="",V88=""),"Lengkapi justifikasi","Tercatat"),IF(OR(J88="",L88="",N88="",O88="",P88=""),"Lengkapi assessment",IF(AND(I88="Diterapkan",J88="Lengkap",O88="Memadai",P88="Efektif",OR(K88="",U88="",V88="")),"Lengkapi bukti/reviewer","Tercatat")))) | X88: =IF(G88="Belum ditentukan","Belum dinilai",IF(G88="Tidak berlaku",IF(W88="Tercatat","Dikecualikan","Belum siap"),IF(AND(I88="Diterapkan",J88="Lengkap",O88="Memadai",P88="Efektif",W88="Tercatat"),"Siap","Belum siap"))) | Y88: =IF(G88="Belum ditentukan","Belum dijadwalkan",IF(N88="","Tanpa jadwal",IF(N88<'Master Data'!$C$9,"Review lewat","Dalam jadwal"))) | Z88: =IF(X88="Belum dinilai","Belum dinilai",IF(AND(OR(X88="Siap",X88="Dikecualikan"),Y88="Dalam jadwal"),"Tidak","Ya"))
B89: A.8.24 | C89: Technological | D89: Penggunaan kriptografi | E89: Algoritma, kunci, dan penggunaan kriptografi dikelola | F89: Crypto policy, key inventory, KMS config, rotation log | G89: Berlaku | H89: Kontrol A.8.24 relevan dan wajib diterapkan pada platform operasional auditsphere.app. | I89: Diterapkan | J89: Lengkap | K89: SRC-backend/auth-service/pkg/utils/jwt.go | L89: Lead Developer | M89: 46302 | N89: 46477 | O89: Memadai | P89: Efektif | Q89: Penerapan kriptografi standar industri: TLS 1.3, bcrypt hashing, JWT signature, dan SHA-256. | R89: Pertahankan efektivitas kontrol dan lakukan review operasional berkala | S89: Sedang | T89: 46477 | U89: Dimas (Group Vision) | V89: 46302 | W89: =IF(G89="Belum ditentukan","Tentukan relevansi",IF(G89="Tidak berlaku",IF(OR(H89="",U89="",V89=""),"Lengkapi justifikasi","Tercatat"),IF(OR(J89="",L89="",N89="",O89="",P89=""),"Lengkapi assessment",IF(AND(I89="Diterapkan",J89="Lengkap",O89="Memadai",P89="Efektif",OR(K89="",U89="",V89="")),"Lengkapi bukti/reviewer","Tercatat")))) | X89: =IF(G89="Belum ditentukan","Belum dinilai",IF(G89="Tidak berlaku",IF(W89="Tercatat","Dikecualikan","Belum siap"),IF(AND(I89="Diterapkan",J89="Lengkap",O89="Memadai",P89="Efektif",W89="Tercatat"),"Siap","Belum siap"))) | Y89: =IF(G89="Belum ditentukan","Belum dijadwalkan",IF(N89="","Tanpa jadwal",IF(N89<'Master Data'!$C$9,"Review lewat","Dalam jadwal"))) | Z89: =IF(X89="Belum dinilai","Belum dinilai",IF(AND(OR(X89="Siap",X89="Dikecualikan"),Y89="Dalam jadwal"),"Tidak","Ya"))
B90: A.8.25 | C90: Technological | D90: Siklus hidup pengembangan yang aman | E90: Aktivitas keamanan terintegrasi pada seluruh SDLC | F90: Secure SDLC, security gates, threat model, release checklist | G90: Berlaku | H90: Kontrol A.8.25 relevan dan wajib diterapkan pada platform operasional auditsphere.app. | I90: Diterapkan | J90: Lengkap | K90: DOC-SCG-001-Secure-Coding-Guide | L90: QA Lead | M90: 46302 | N90: 46477 | O90: Memadai | P90: Efektif | Q90: Secure Software Development Lifecycle diterapkan dengan peninjauan kode dan QA Remediation. | R90: Pertahankan efektivitas kontrol dan lakukan review operasional berkala | S90: Sedang | T90: 46477 | U90: Dimas (Group Vision) | V90: 46302 | W90: =IF(G90="Belum ditentukan","Tentukan relevansi",IF(G90="Tidak berlaku",IF(OR(H90="",U90="",V90=""),"Lengkapi justifikasi","Tercatat"),IF(OR(J90="",L90="",N90="",O90="",P90=""),"Lengkapi assessment",IF(AND(I90="Diterapkan",J90="Lengkap",O90="Memadai",P90="Efektif",OR(K90="",U90="",V90="")),"Lengkapi bukti/reviewer","Tercatat")))) | X90: =IF(G90="Belum ditentukan","Belum dinilai",IF(G90="Tidak berlaku",IF(W90="Tercatat","Dikecualikan","Belum siap"),IF(AND(I90="Diterapkan",J90="Lengkap",O90="Memadai",P90="Efektif",W90="Tercatat"),"Siap","Belum siap"))) | Y90: =IF(G90="Belum ditentukan","Belum dijadwalkan",IF(N90="","Tanpa jadwal",IF(N90<'Master Data'!$C$9,"Review lewat","Dalam jadwal"))) | Z90: =IF(X90="Belum dinilai","Belum dinilai",IF(AND(OR(X90="Siap",X90="Dikecualikan"),Y90="Dalam jadwal"),"Tidak","Ya"))
B91: A.8.26 | C91: Technological | D91: Persyaratan keamanan aplikasi | E91: Security requirements ditentukan dan disetujui sebelum pengembangan | F91: Requirement document, acceptance criteria, risk review | G91: Berlaku | H91: Kontrol A.8.26 relevan dan wajib diterapkan pada platform operasional auditsphere.app. | I91: Diterapkan | J91: Lengkap | K91: DOC-requirements.MD | L91: Tech Lead AIFL | M91: 46302 | N91: 46477 | O91: Memadai | P91: Efektif | Q91: Kebutuhan keamanan aplikasi didefinisikan secara eksplisit sebelum sprint implementasi fitur. | R91: Pertahankan efektivitas kontrol dan lakukan review operasional berkala | S91: Sedang | T91: 46477 | U91: Dimas (Group Vision) | V91: 46302 | W91: =IF(G91="Belum ditentukan","Tentukan relevansi",IF(G91="Tidak berlaku",IF(OR(H91="",U91="",V91=""),"Lengkapi justifikasi","Tercatat"),IF(OR(J91="",L91="",N91="",O91="",P91=""),"Lengkapi assessment",IF(AND(I91="Diterapkan",J91="Lengkap",O91="Memadai",P91="Efektif",OR(K91="",U91="",V91="")),"Lengkapi bukti/reviewer","Tercatat")))) | X91: =IF(G91="Belum ditentukan","Belum dinilai",IF(G91="Tidak berlaku",IF(W91="Tercatat","Dikecualikan","Belum siap"),IF(AND(I91="Diterapkan",J91="Lengkap",O91="Memadai",P91="Efektif",W91="Tercatat"),"Siap","Belum siap"))) | Y91: =IF(G91="Belum ditentukan","Belum dijadwalkan",IF(N91="","Tanpa jadwal",IF(N91<'Master Data'!$C$9,"Review lewat","Dalam jadwal"))) | Z91: =IF(X91="Belum dinilai","Belum dinilai",IF(AND(OR(X91="Siap",X91="Dikecualikan"),Y91="Dalam jadwal"),"Tidak","Ya"))
B92: A.8.27 | C92: Technological | D92: Arsitektur dan prinsip rekayasa sistem aman | E92: Prinsip desain aman diterapkan dan direview | F92: Architecture standard, design review, threat model, approval | G92: Berlaku | H92: Kontrol A.8.27 relevan dan wajib diterapkan pada platform operasional auditsphere.app. | I92: Diterapkan | J92: Lengkap | K92: DOC-SARC-001_Security_Architecture | L92: Security Architect | M92: 46302 | N92: 46477 | O92: Memadai | P92: Efektif | Q92: Prinsip arsitektur Security-by-Design dan Policy Enforcement Point diterapkan pada gateway. | R92: Pertahankan efektivitas kontrol dan lakukan review operasional berkala | S92: Sedang | T92: 46477 | U92: Dimas (Group Vision) | V92: 46302 | W92: =IF(G92="Belum ditentukan","Tentukan relevansi",IF(G92="Tidak berlaku",IF(OR(H92="",U92="",V92=""),"Lengkapi justifikasi","Tercatat"),IF(OR(J92="",L92="",N92="",O92="",P92=""),"Lengkapi assessment",IF(AND(I92="Diterapkan",J92="Lengkap",O92="Memadai",P92="Efektif",OR(K92="",U92="",V92="")),"Lengkapi bukti/reviewer","Tercatat")))) | X92: =IF(G92="Belum ditentukan","Belum dinilai",IF(G92="Tidak berlaku",IF(W92="Tercatat","Dikecualikan","Belum siap"),IF(AND(I92="Diterapkan",J92="Lengkap",O92="Memadai",P92="Efektif",W92="Tercatat"),"Siap","Belum siap"))) | Y92: =IF(G92="Belum ditentukan","Belum dijadwalkan",IF(N92="","Tanpa jadwal",IF(N92<'Master Data'!$C$9,"Review lewat","Dalam jadwal"))) | Z92: =IF(X92="Belum dinilai","Belum dinilai",IF(AND(OR(X92="Siap",X92="Dikecualikan"),Y92="Dalam jadwal"),"Tidak","Ya"))
B93: A.8.28 | C93: Technological | D93: Secure coding | E93: Standar coding aman digunakan dan kepatuhan diperiksa | F93: Coding standard, SAST report, peer review, developer training | G93: Berlaku | H93: Kontrol A.8.28 relevan dan wajib diterapkan pada platform operasional auditsphere.app. | I93: Diterapkan | J93: Lengkap | K93: DOC-SCG-001-Secure-Coding-Guide | L93: Lead Developer | M93: 46302 | N93: 46477 | O93: Memadai | P93: Efektif | Q93: Pedoman secure coding diterapkan: query parameterized anti-SQLi dan Vue auto-escaping anti-XSS. | R93: Pertahankan efektivitas kontrol dan lakukan review operasional berkala | S93: Sedang | T93: 46477 | U93: Dimas (Group Vision) | V93: 46302 | W93: =IF(G93="Belum ditentukan","Tentukan relevansi",IF(G93="Tidak berlaku",IF(OR(H93="",U93="",V93=""),"Lengkapi justifikasi","Tercatat"),IF(OR(J93="",L93="",N93="",O93="",P93=""),"Lengkapi assessment",IF(AND(I93="Diterapkan",J93="Lengkap",O93="Memadai",P93="Efektif",OR(K93="",U93="",V93="")),"Lengkapi bukti/reviewer","Tercatat")))) | X93: =IF(G93="Belum ditentukan","Belum dinilai",IF(G93="Tidak berlaku",IF(W93="Tercatat","Dikecualikan","Belum siap"),IF(AND(I93="Diterapkan",J93="Lengkap",O93="Memadai",P93="Efektif",W93="Tercatat"),"Siap","Belum siap"))) | Y93: =IF(G93="Belum ditentukan","Belum dijadwalkan",IF(N93="","Tanpa jadwal",IF(N93<'Master Data'!$C$9,"Review lewat","Dalam jadwal"))) | Z93: =IF(X93="Belum dinilai","Belum dinilai",IF(AND(OR(X93="Siap",X93="Dikecualikan"),Y93="Dalam jadwal"),"Tidak","Ya"))
B94: A.8.29 | C94: Technological | D94: Pengujian keamanan dalam pengembangan dan penerimaan | E94: Pengujian keamanan direncanakan dan hasilnya ditindaklanjuti | F94: Test plan, SAST/DAST, pentest, defect ticket, sign-off | G94: Berlaku | H94: Kontrol A.8.29 relevan dan wajib diterapkan pada platform operasional auditsphere.app. | I94: Diterapkan | J94: Lengkap | K94: ORG-LoA-202610-CloudPentest-v1.pdf | L94: Security Officer | M94: 46302 | N94: 46477 | O94: Memadai | P94: Efektif | Q94: Pengujian penetrasi pre-pentest dipersiapkan resmi dengan LoA dan Scope & Window baku. | R94: Pertahankan efektivitas kontrol dan lakukan review operasional berkala | S94: Sedang | T94: 46477 | U94: Dimas (Group Vision) | V94: 46302 | W94: =IF(G94="Belum ditentukan","Tentukan relevansi",IF(G94="Tidak berlaku",IF(OR(H94="",U94="",V94=""),"Lengkapi justifikasi","Tercatat"),IF(OR(J94="",L94="",N94="",O94="",P94=""),"Lengkapi assessment",IF(AND(I94="Diterapkan",J94="Lengkap",O94="Memadai",P94="Efektif",OR(K94="",U94="",V94="")),"Lengkapi bukti/reviewer","Tercatat")))) | X94: =IF(G94="Belum ditentukan","Belum dinilai",IF(G94="Tidak berlaku",IF(W94="Tercatat","Dikecualikan","Belum siap"),IF(AND(I94="Diterapkan",J94="Lengkap",O94="Memadai",P94="Efektif",W94="Tercatat"),"Siap","Belum siap"))) | Y94: =IF(G94="Belum ditentukan","Belum dijadwalkan",IF(N94="","Tanpa jadwal",IF(N94<'Master Data'!$C$9,"Review lewat","Dalam jadwal"))) | Z94: =IF(X94="Belum dinilai","Belum dinilai",IF(AND(OR(X94="Siap",X94="Dikecualikan"),Y94="Dalam jadwal"),"Tidak","Ya"))
B95: A.8.30 | C95: Technological | D95: Pengembangan oleh pihak luar | E95: Pengembangan outsourcing memiliki persyaratan dan pengawasan keamanan | F95: Contract, security requirement, code review, delivery acceptance | G95: Berlaku | H95: Kontrol A.8.30 relevan dan wajib diterapkan pada platform operasional auditsphere.app. | I95: Diterapkan | J95: Lengkap | K95: ORG-InHouse-Dev-Charter | L95: Tech Lead AIFL | M95: 46302 | N95: 46477 | O95: Memadai | P95: Efektif | Q95: Seluruh modul inti dikembangkan in-house oleh tim internal AIFL dengan pengawasan penuh. | R95: Pertahankan efektivitas kontrol dan lakukan review operasional berkala | S95: Sedang | T95: 46477 | U95: Dimas (Group Vision) | V95: 46302 | W95: =IF(G95="Belum ditentukan","Tentukan relevansi",IF(G95="Tidak berlaku",IF(OR(H95="",U95="",V95=""),"Lengkapi justifikasi","Tercatat"),IF(OR(J95="",L95="",N95="",O95="",P95=""),"Lengkapi assessment",IF(AND(I95="Diterapkan",J95="Lengkap",O95="Memadai",P95="Efektif",OR(K95="",U95="",V95="")),"Lengkapi bukti/reviewer","Tercatat")))) | X95: =IF(G95="Belum ditentukan","Belum dinilai",IF(G95="Tidak berlaku",IF(W95="Tercatat","Dikecualikan","Belum siap"),IF(AND(I95="Diterapkan",J95="Lengkap",O95="Memadai",P95="Efektif",W95="Tercatat"),"Siap","Belum siap"))) | Y95: =IF(G95="Belum ditentukan","Belum dijadwalkan",IF(N95="","Tanpa jadwal",IF(N95<'Master Data'!$C$9,"Review lewat","Dalam jadwal"))) | Z95: =IF(X95="Belum dinilai","Belum dinilai",IF(AND(OR(X95="Siap",X95="Dikecualikan"),Y95="Dalam jadwal"),"Tidak","Ya"))
B96: A.8.31 | C96: Technological | D96: Pemisahan lingkungan development, test, dan production | E96: Lingkungan dan akses dipisahkan untuk mencegah perubahan tidak sah | F96: Environment diagram, IAM role, pipeline control, access test | G96: Berlaku | H96: Kontrol A.8.31 relevan dan wajib diterapkan pada platform operasional auditsphere.app. | I96: Diterapkan | J96: Lengkap | K96: SRC-deploy-prod.sh | L96: DevOps Lead | M96: 46302 | N96: 46477 | O96: Memadai | P96: Efektif | Q96: Pemisahan tegas lingkungan development, staging, dan production dengan port dan kredensial terpisah. | R96: Pertahankan efektivitas kontrol dan lakukan review operasional berkala | S96: Sedang | T96: 46477 | U96: Dimas (Group Vision) | V96: 46302 | W96: =IF(G96="Belum ditentukan","Tentukan relevansi",IF(G96="Tidak berlaku",IF(OR(H96="",U96="",V96=""),"Lengkapi justifikasi","Tercatat"),IF(OR(J96="",L96="",N96="",O96="",P96=""),"Lengkapi assessment",IF(AND(I96="Diterapkan",J96="Lengkap",O96="Memadai",P96="Efektif",OR(K96="",U96="",V96="")),"Lengkapi bukti/reviewer","Tercatat")))) | X96: =IF(G96="Belum ditentukan","Belum dinilai",IF(G96="Tidak berlaku",IF(W96="Tercatat","Dikecualikan","Belum siap"),IF(AND(I96="Diterapkan",J96="Lengkap",O96="Memadai",P96="Efektif",W96="Tercatat"),"Siap","Belum siap"))) | Y96: =IF(G96="Belum ditentukan","Belum dijadwalkan",IF(N96="","Tanpa jadwal",IF(N96<'Master Data'!$C$9,"Review lewat","Dalam jadwal"))) | Z96: =IF(X96="Belum dinilai","Belum dinilai",IF(AND(OR(X96="Siap",X96="Dikecualikan"),Y96="Dalam jadwal"),"Tidak","Ya"))
B97: A.8.32 | C97: Technological | D97: Manajemen perubahan | E97: Perubahan sistem dinilai, disetujui, diuji, dan dapat dilacak | F97: Change ticket, impact assessment, approval, rollback, test result | G97: Berlaku | H97: Kontrol A.8.32 relevan dan wajib diterapkan pada platform operasional auditsphere.app. | I97: Diterapkan | J97: Lengkap | K97: TEC-Git-Log | L97: Tech Lead AIFL | M97: 46302 | N97: 46477 | O97: Memadai | P97: Efektif | Q97: Manajemen perubahan sistem dilacak melalui git pull request review dan migrasi skema SQL terkontrol. | R97: Pertahankan efektivitas kontrol dan lakukan review operasional berkala | S97: Sedang | T97: 46477 | U97: Dimas (Group Vision) | V97: 46302 | W97: =IF(G97="Belum ditentukan","Tentukan relevansi",IF(G97="Tidak berlaku",IF(OR(H97="",U97="",V97=""),"Lengkapi justifikasi","Tercatat"),IF(OR(J97="",L97="",N97="",O97="",P97=""),"Lengkapi assessment",IF(AND(I97="Diterapkan",J97="Lengkap",O97="Memadai",P97="Efektif",OR(K97="",U97="",V97="")),"Lengkapi bukti/reviewer","Tercatat")))) | X97: =IF(G97="Belum ditentukan","Belum dinilai",IF(G97="Tidak berlaku",IF(W97="Tercatat","Dikecualikan","Belum siap"),IF(AND(I97="Diterapkan",J97="Lengkap",O97="Memadai",P97="Efektif",W97="Tercatat"),"Siap","Belum siap"))) | Y97: =IF(G97="Belum ditentukan","Belum dijadwalkan",IF(N97="","Tanpa jadwal",IF(N97<'Master Data'!$C$9,"Review lewat","Dalam jadwal"))) | Z97: =IF(X97="Belum dinilai","Belum dinilai",IF(AND(OR(X97="Siap",X97="Dikecualikan"),Y97="Dalam jadwal"),"Tidak","Ya"))
B98: A.8.33 | C98: Technological | D98: Informasi pengujian | E98: Data uji dipilih, dilindungi, dan dihapus sesuai kebutuhan | F98: Test data policy, masking, access log, deletion record | G98: Berlaku | H98: Kontrol A.8.33 relevan dan wajib diterapkan pada platform operasional auditsphere.app. | I98: Diterapkan | J98: Lengkap | K98: SRC-backend/auth-service/cmd/auth | L98: QA Lead | M98: 46302 | N98: 46477 | O98: Memadai | P98: Efektif | Q98: Pengujian sistem menggunakan data sintetis dummy; dilarang menggunakan data riil klien di staging. | R98: Pertahankan efektivitas kontrol dan lakukan review operasional berkala | S98: Sedang | T98: 46477 | U98: Dimas (Group Vision) | V98: 46302 | W98: =IF(G98="Belum ditentukan","Tentukan relevansi",IF(G98="Tidak berlaku",IF(OR(H98="",U98="",V98=""),"Lengkapi justifikasi","Tercatat"),IF(OR(J98="",L98="",N98="",O98="",P98=""),"Lengkapi assessment",IF(AND(I98="Diterapkan",J98="Lengkap",O98="Memadai",P98="Efektif",OR(K98="",U98="",V98="")),"Lengkapi bukti/reviewer","Tercatat")))) | X98: =IF(G98="Belum ditentukan","Belum dinilai",IF(G98="Tidak berlaku",IF(W98="Tercatat","Dikecualikan","Belum siap"),IF(AND(I98="Diterapkan",J98="Lengkap",O98="Memadai",P98="Efektif",W98="Tercatat"),"Siap","Belum siap"))) | Y98: =IF(G98="Belum ditentukan","Belum dijadwalkan",IF(N98="","Tanpa jadwal",IF(N98<'Master Data'!$C$9,"Review lewat","Dalam jadwal"))) | Z98: =IF(X98="Belum dinilai","Belum dinilai",IF(AND(OR(X98="Siap",X98="Dikecualikan"),Y98="Dalam jadwal"),"Tidak","Ya"))
B99: A.8.34 | C99: Technological | D99: Perlindungan sistem selama pengujian audit | E99: Audit test direncanakan agar tidak mengganggu sistem atau data | F99: Audit test plan, approval, backup, monitoring, result log | G99: Berlaku | H99: Kontrol A.8.34 relevan dan wajib diterapkan pada platform operasional auditsphere.app. | I99: Diterapkan | J99: Lengkap | K99: ORG-RoE-202610-ScopeAndWindow-v1.pdf | L99: Security Officer | M99: 46302 | N99: 46477 | O99: Memadai | P99: Efektif | Q99: Rules of Engagement membatasi pengujian penetrasi di luar jam kerja dengan batasan non-destruktif. | R99: Pertahankan efektivitas kontrol dan lakukan review operasional berkala | S99: Sedang | T99: 46477 | U99: Dimas (Group Vision) | V99: 46302 | W99: =IF(G99="Belum ditentukan","Tentukan relevansi",IF(G99="Tidak berlaku",IF(OR(H99="",U99="",V99=""),"Lengkapi justifikasi","Tercatat"),IF(OR(J99="",L99="",N99="",O99="",P99=""),"Lengkapi assessment",IF(AND(I99="Diterapkan",J99="Lengkap",O99="Memadai",P99="Efektif",OR(K99="",U99="",V99="")),"Lengkapi bukti/reviewer","Tercatat")))) | X99: =IF(G99="Belum ditentukan","Belum dinilai",IF(G99="Tidak berlaku",IF(W99="Tercatat","Dikecualikan","Belum siap"),IF(AND(I99="Diterapkan",J99="Lengkap",O99="Memadai",P99="Efektif",W99="Tercatat"),"Siap","Belum siap"))) | Y99: =IF(G99="Belum ditentukan","Belum dijadwalkan",IF(N99="","Tanpa jadwal",IF(N99<'Master Data'!$C$9,"Review lewat","Dalam jadwal"))) | Z99: =IF(X99="Belum dinilai","Belum dinilai",IF(AND(OR(X99="Siap",X99="Dikecualikan"),Y99="Dalam jadwal"),"Tidak","Ya"))

Sheet Review Kesiapan
B2: REVIEW KESIAPAN KONTROL
B3: Tampilan otomatis untuk review manajemen — gunakan filter status dan tema
B6: Kontrol | C6: Tema | D6: Judul kontrol | E6: Relevansi | F6: Implementasi | G6: Bukti | H6: Kesiapan | I6: Deadline | J6: PIC | K6: Prioritas | L6: Target | M6: Perlu tindakan
B7: =IF('Checklist 93 Kontrol'!B7="","",'Checklist 93 Kontrol'!B7) | C7: =IF('Checklist 93 Kontrol'!C7="","",'Checklist 93 Kontrol'!C7) | D7: =IF('Checklist 93 Kontrol'!D7="","",'Checklist 93 Kontrol'!D7) | E7: =IF('Checklist 93 Kontrol'!G7="","",'Checklist 93 Kontrol'!G7) | F7: =IF('Checklist 93 Kontrol'!I7="","",'Checklist 93 Kontrol'!I7) | G7: =IF('Checklist 93 Kontrol'!J7="","",'Checklist 93 Kontrol'!J7) | H7: =IF('Checklist 93 Kontrol'!X7="","",'Checklist 93 Kontrol'!X7) | I7: =IF('Checklist 93 Kontrol'!Y7="","",'Checklist 93 Kontrol'!Y7) | J7: =IF('Checklist 93 Kontrol'!L7="","",'Checklist 93 Kontrol'!L7) | K7: =IF('Checklist 93 Kontrol'!S7="","",'Checklist 93 Kontrol'!S7) | L7: =IF('Checklist 93 Kontrol'!T7="","",'Checklist 93 Kontrol'!T7) | M7: =IF('Checklist 93 Kontrol'!Z7="","",'Checklist 93 Kontrol'!Z7)
B8: =IF('Checklist 93 Kontrol'!B8="","",'Checklist 93 Kontrol'!B8) | C8: =IF('Checklist 93 Kontrol'!C8="","",'Checklist 93 Kontrol'!C8) | D8: =IF('Checklist 93 Kontrol'!D8="","",'Checklist 93 Kontrol'!D8) | E8: =IF('Checklist 93 Kontrol'!G8="","",'Checklist 93 Kontrol'!G8) | F8: =IF('Checklist 93 Kontrol'!I8="","",'Checklist 93 Kontrol'!I8) | G8: =IF('Checklist 93 Kontrol'!J8="","",'Checklist 93 Kontrol'!J8) | H8: =IF('Checklist 93 Kontrol'!X8="","",'Checklist 93 Kontrol'!X8) | I8: =IF('Checklist 93 Kontrol'!Y8="","",'Checklist 93 Kontrol'!Y8) | J8: =IF('Checklist 93 Kontrol'!L8="","",'Checklist 93 Kontrol'!L8) | K8: =IF('Checklist 93 Kontrol'!S8="","",'Checklist 93 Kontrol'!S8) | L8: =IF('Checklist 93 Kontrol'!T8="","",'Checklist 93 Kontrol'!T8) | M8: =IF('Checklist 93 Kontrol'!Z8="","",'Checklist 93 Kontrol'!Z8)
B9: =IF('Checklist 93 Kontrol'!B9="","",'Checklist 93 Kontrol'!B9) | C9: =IF('Checklist 93 Kontrol'!C9="","",'Checklist 93 Kontrol'!C9) | D9: =IF('Checklist 93 Kontrol'!D9="","",'Checklist 93 Kontrol'!D9) | E9: =IF('Checklist 93 Kontrol'!G9="","",'Checklist 93 Kontrol'!G9) | F9: =IF('Checklist 93 Kontrol'!I9="","",'Checklist 93 Kontrol'!I9) | G9: =IF('Checklist 93 Kontrol'!J9="","",'Checklist 93 Kontrol'!J9) | H9: =IF('Checklist 93 Kontrol'!X9="","",'Checklist 93 Kontrol'!X9) | I9: =IF('Checklist 93 Kontrol'!Y9="","",'Checklist 93 Kontrol'!Y9) | J9: =IF('Checklist 93 Kontrol'!L9="","",'Checklist 93 Kontrol'!L9) | K9: =IF('Checklist 93 Kontrol'!S9="","",'Checklist 93 Kontrol'!S9) | L9: =IF('Checklist 93 Kontrol'!T9="","",'Checklist 93 Kontrol'!T9) | M9: =IF('Checklist 93 Kontrol'!Z9="","",'Checklist 93 Kontrol'!Z9)
B10: =IF('Checklist 93 Kontrol'!B10="","",'Checklist 93 Kontrol'!B10) | C10: =IF('Checklist 93 Kontrol'!C10="","",'Checklist 93 Kontrol'!C10) | D10: =IF('Checklist 93 Kontrol'!D10="","",'Checklist 93 Kontrol'!D10) | E10: =IF('Checklist 93 Kontrol'!G10="","",'Checklist 93 Kontrol'!G10) | F10: =IF('Checklist 93 Kontrol'!I10="","",'Checklist 93 Kontrol'!I10) | G10: =IF('Checklist 93 Kontrol'!J10="","",'Checklist 93 Kontrol'!J10) | H10: =IF('Checklist 93 Kontrol'!X10="","",'Checklist 93 Kontrol'!X10) | I10: =IF('Checklist 93 Kontrol'!Y10="","",'Checklist 93 Kontrol'!Y10) | J10: =IF('Checklist 93 Kontrol'!L10="","",'Checklist 93 Kontrol'!L10) | K10: =IF('Checklist 93 Kontrol'!S10="","",'Checklist 93 Kontrol'!S10) | L10: =IF('Checklist 93 Kontrol'!T10="","",'Checklist 93 Kontrol'!T10) | M10: =IF('Checklist 93 Kontrol'!Z10="","",'Checklist 93 Kontrol'!Z10)
B11: =IF('Checklist 93 Kontrol'!B11="","",'Checklist 93 Kontrol'!B11) | C11: =IF('Checklist 93 Kontrol'!C11="","",'Checklist 93 Kontrol'!C11) | D11: =IF('Checklist 93 Kontrol'!D11="","",'Checklist 93 Kontrol'!D11) | E11: =IF('Checklist 93 Kontrol'!G11="","",'Checklist 93 Kontrol'!G11) | F11: =IF('Checklist 93 Kontrol'!I11="","",'Checklist 93 Kontrol'!I11) | G11: =IF('Checklist 93 Kontrol'!J11="","",'Checklist 93 Kontrol'!J11) | H11: =IF('Checklist 93 Kontrol'!X11="","",'Checklist 93 Kontrol'!X11) | I11: =IF('Checklist 93 Kontrol'!Y11="","",'Checklist 93 Kontrol'!Y11) | J11: =IF('Checklist 93 Kontrol'!L11="","",'Checklist 93 Kontrol'!L11) | K11: =IF('Checklist 93 Kontrol'!S11="","",'Checklist 93 Kontrol'!S11) | L11: =IF('Checklist 93 Kontrol'!T11="","",'Checklist 93 Kontrol'!T11) | M11: =IF('Checklist 93 Kontrol'!Z11="","",'Checklist 93 Kontrol'!Z11)
B12: =IF('Checklist 93 Kontrol'!B12="","",'Checklist 93 Kontrol'!B12) | C12: =IF('Checklist 93 Kontrol'!C12="","",'Checklist 93 Kontrol'!C12) | D12: =IF('Checklist 93 Kontrol'!D12="","",'Checklist 93 Kontrol'!D12) | E12: =IF('Checklist 93 Kontrol'!G12="","",'Checklist 93 Kontrol'!G12) | F12: =IF('Checklist 93 Kontrol'!I12="","",'Checklist 93 Kontrol'!I12) | G12: =IF('Checklist 93 Kontrol'!J12="","",'Checklist 93 Kontrol'!J12) | H12: =IF('Checklist 93 Kontrol'!X12="","",'Checklist 93 Kontrol'!X12) | I12: =IF('Checklist 93 Kontrol'!Y12="","",'Checklist 93 Kontrol'!Y12) | J12: =IF('Checklist 93 Kontrol'!L12="","",'Checklist 93 Kontrol'!L12) | K12: =IF('Checklist 93 Kontrol'!S12="","",'Checklist 93 Kontrol'!S12) | L12: =IF('Checklist 93 Kontrol'!T12="","",'Checklist 93 Kontrol'!T12) | M12: =IF('Checklist 93 Kontrol'!Z12="","",'Checklist 93 Kontrol'!Z12)
B13: =IF('Checklist 93 Kontrol'!B13="","",'Checklist 93 Kontrol'!B13) | C13: =IF('Checklist 93 Kontrol'!C13="","",'Checklist 93 Kontrol'!C13) | D13: =IF('Checklist 93 Kontrol'!D13="","",'Checklist 93 Kontrol'!D13) | E13: =IF('Checklist 93 Kontrol'!G13="","",'Checklist 93 Kontrol'!G13) | F13: =IF('Checklist 93 Kontrol'!I13="","",'Checklist 93 Kontrol'!I13) | G13: =IF('Checklist 93 Kontrol'!J13="","",'Checklist 93 Kontrol'!J13) | H13: =IF('Checklist 93 Kontrol'!X13="","",'Checklist 93 Kontrol'!X13) | I13: =IF('Checklist 93 Kontrol'!Y13="","",'Checklist 93 Kontrol'!Y13) | J13: =IF('Checklist 93 Kontrol'!L13="","",'Checklist 93 Kontrol'!L13) | K13: =IF('Checklist 93 Kontrol'!S13="","",'Checklist 93 Kontrol'!S13) | L13: =IF('Checklist 93 Kontrol'!T13="","",'Checklist 93 Kontrol'!T13) | M13: =IF('Checklist 93 Kontrol'!Z13="","",'Checklist 93 Kontrol'!Z13)
B14: =IF('Checklist 93 Kontrol'!B14="","",'Checklist 93 Kontrol'!B14) | C14: =IF('Checklist 93 Kontrol'!C14="","",'Checklist 93 Kontrol'!C14) | D14: =IF('Checklist 93 Kontrol'!D14="","",'Checklist 93 Kontrol'!D14) | E14: =IF('Checklist 93 Kontrol'!G14="","",'Checklist 93 Kontrol'!G14) | F14: =IF('Checklist 93 Kontrol'!I14="","",'Checklist 93 Kontrol'!I14) | G14: =IF('Checklist 93 Kontrol'!J14="","",'Checklist 93 Kontrol'!J14) | H14: =IF('Checklist 93 Kontrol'!X14="","",'Checklist 93 Kontrol'!X14) | I14: =IF('Checklist 93 Kontrol'!Y14="","",'Checklist 93 Kontrol'!Y14) | J14: =IF('Checklist 93 Kontrol'!L14="","",'Checklist 93 Kontrol'!L14) | K14: =IF('Checklist 93 Kontrol'!S14="","",'Checklist 93 Kontrol'!S14) | L14: =IF('Checklist 93 Kontrol'!T14="","",'Checklist 93 Kontrol'!T14) | M14: =IF('Checklist 93 Kontrol'!Z14="","",'Checklist 93 Kontrol'!Z14)
B15: =IF('Checklist 93 Kontrol'!B15="","",'Checklist 93 Kontrol'!B15) | C15: =IF('Checklist 93 Kontrol'!C15="","",'Checklist 93 Kontrol'!C15) | D15: =IF('Checklist 93 Kontrol'!D15="","",'Checklist 93 Kontrol'!D15) | E15: =IF('Checklist 93 Kontrol'!G15="","",'Checklist 93 Kontrol'!G15) | F15: =IF('Checklist 93 Kontrol'!I15="","",'Checklist 93 Kontrol'!I15) | G15: =IF('Checklist 93 Kontrol'!J15="","",'Checklist 93 Kontrol'!J15) | H15: =IF('Checklist 93 Kontrol'!X15="","",'Checklist 93 Kontrol'!X15) | I15: =IF('Checklist 93 Kontrol'!Y15="","",'Checklist 93 Kontrol'!Y15) | J15: =IF('Checklist 93 Kontrol'!L15="","",'Checklist 93 Kontrol'!L15) | K15: =IF('Checklist 93 Kontrol'!S15="","",'Checklist 93 Kontrol'!S15) | L15: =IF('Checklist 93 Kontrol'!T15="","",'Checklist 93 Kontrol'!T15) | M15: =IF('Checklist 93 Kontrol'!Z15="","",'Checklist 93 Kontrol'!Z15)
B16: =IF('Checklist 93 Kontrol'!B16="","",'Checklist 93 Kontrol'!B16) | C16: =IF('Checklist 93 Kontrol'!C16="","",'Checklist 93 Kontrol'!C16) | D16: =IF('Checklist 93 Kontrol'!D16="","",'Checklist 93 Kontrol'!D16) | E16: =IF('Checklist 93 Kontrol'!G16="","",'Checklist 93 Kontrol'!G16) | F16: =IF('Checklist 93 Kontrol'!I16="","",'Checklist 93 Kontrol'!I16) | G16: =IF('Checklist 93 Kontrol'!J16="","",'Checklist 93 Kontrol'!J16) | H16: =IF('Checklist 93 Kontrol'!X16="","",'Checklist 93 Kontrol'!X16) | I16: =IF('Checklist 93 Kontrol'!Y16="","",'Checklist 93 Kontrol'!Y16) | J16: =IF('Checklist 93 Kontrol'!L16="","",'Checklist 93 Kontrol'!L16) | K16: =IF('Checklist 93 Kontrol'!S16="","",'Checklist 93 Kontrol'!S16) | L16: =IF('Checklist 93 Kontrol'!T16="","",'Checklist 93 Kontrol'!T16) | M16: =IF('Checklist 93 Kontrol'!Z16="","",'Checklist 93 Kontrol'!Z16)
B17: =IF('Checklist 93 Kontrol'!B17="","",'Checklist 93 Kontrol'!B17) | C17: =IF('Checklist 93 Kontrol'!C17="","",'Checklist 93 Kontrol'!C17) | D17: =IF('Checklist 93 Kontrol'!D17="","",'Checklist 93 Kontrol'!D17) | E17: =IF('Checklist 93 Kontrol'!G17="","",'Checklist 93 Kontrol'!G17) | F17: =IF('Checklist 93 Kontrol'!I17="","",'Checklist 93 Kontrol'!I17) | G17: =IF('Checklist 93 Kontrol'!J17="","",'Checklist 93 Kontrol'!J17) | H17: =IF('Checklist 93 Kontrol'!X17="","",'Checklist 93 Kontrol'!X17) | I17: =IF('Checklist 93 Kontrol'!Y17="","",'Checklist 93 Kontrol'!Y17) | J17: =IF('Checklist 93 Kontrol'!L17="","",'Checklist 93 Kontrol'!L17) | K17: =IF('Checklist 93 Kontrol'!S17="","",'Checklist 93 Kontrol'!S17) | L17: =IF('Checklist 93 Kontrol'!T17="","",'Checklist 93 Kontrol'!T17) | M17: =IF('Checklist 93 Kontrol'!Z17="","",'Checklist 93 Kontrol'!Z17)
B18: =IF('Checklist 93 Kontrol'!B18="","",'Checklist 93 Kontrol'!B18) | C18: =IF('Checklist 93 Kontrol'!C18="","",'Checklist 93 Kontrol'!C18) | D18: =IF('Checklist 93 Kontrol'!D18="","",'Checklist 93 Kontrol'!D18) | E18: =IF('Checklist 93 Kontrol'!G18="","",'Checklist 93 Kontrol'!G18) | F18: =IF('Checklist 93 Kontrol'!I18="","",'Checklist 93 Kontrol'!I18) | G18: =IF('Checklist 93 Kontrol'!J18="","",'Checklist 93 Kontrol'!J18) | H18: =IF('Checklist 93 Kontrol'!X18="","",'Checklist 93 Kontrol'!X18) | I18: =IF('Checklist 93 Kontrol'!Y18="","",'Checklist 93 Kontrol'!Y18) | J18: =IF('Checklist 93 Kontrol'!L18="","",'Checklist 93 Kontrol'!L18) | K18: =IF('Checklist 93 Kontrol'!S18="","",'Checklist 93 Kontrol'!S18) | L18: =IF('Checklist 93 Kontrol'!T18="","",'Checklist 93 Kontrol'!T18) | M18: =IF('Checklist 93 Kontrol'!Z18="","",'Checklist 93 Kontrol'!Z18)
... B99: =IF('Checklist 93 Kontrol'!B99="","",'Checklist 93 Kontrol'!B99) | C99: =IF('Checklist 93 Kontrol'!C99="","",'Checklist 93 Kontrol'!C99) | D99: =IF('Checklist 93 Kontrol'!D99="","",'Checklist 93 Kontrol'!D99) | E99: =IF('Checklist 93 Kontrol'!G99="","",'Checklist 93 Kontrol'!G99) | F99: =IF('Checklist 93 Kontrol'!I99="","",'Checklist 93 Kontrol'!I99) | G99: =IF('Checklist 93 Kontrol'!J99="","",'Checklist 93 Kontrol'!J99) | H99: =IF('Checklist 93 Kontrol'!X99="","",'Checklist 93 Kontrol'!X99) | I99: =IF('Checklist 93 Kontrol'!Y99="","",'Checklist 93 Kontrol'!Y99) | J99: =IF('Checklist 93 Kontrol'!L99="","",'Checklist 93 Kontrol'!L99) | K99: =IF('Checklist 93 Kontrol'!S99="","",'Checklist 93 Kontrol'!S99) | L99: =IF('Checklist 93 Kontrol'!T99="","",'Checklist 93 Kontrol'!T99) | M99: =IF('Checklist 93 Kontrol'!Z99="","",'Checklist 93 Kontrol'!Z99)

Sheet Master Data
B2: MASTER DATA & DEFINISI
B3: Parameter, daftar pilihan, dan metode status checklist
B6: Organisasi | C6: AuditSphere (PT Bina Audita Indonesia / AIFL Services) | E6: Relevansi | F6: Implementasi | G6: Bukti | H6: Desain kontrol
B7: Ruang lingkup | C7: Platform Risk-Based Internal Audit & ERM (auditsphere.app), VPS 202.10.34.166 & Cloud SaaS | E7: Belum ditentukan | F7: Belum diterapkan | G7: Belum tersedia | H7: Belum diuji
B8: Pemilik assessment | C8: Lead Information Security / Dimas (Group Vision) | E8: Berlaku | F8: Dalam proses | G8: Ada sebagian | H8: Tidak memadai
B9: Tanggal acuan | C9: 46302 | E9: Tidak berlaku | F9: Diterapkan | G9: Lengkap | H9: Perlu perbaikan
B10: Versi template | C10: v1.0 | F10: N/A | G10: N/A | H10: Memadai
B11: Review berikutnya | H11: N/A
B15: Status | C15: Makna | E15: Efektivitas | F15: Prioritas | G15: Status hasil | H15: Tema
B16: Belum dinilai | C16: Relevansi kontrol belum diputuskan. | E16: Belum diuji | F16: Kritis | G16: Belum dinilai | H16: Organizational
B17: Belum siap | C17: Kontrol berlaku tetapi penerapan, bukti, pengujian, atau validasinya belum lengkap. | E17: Tidak efektif | F17: Tinggi | G17: Belum siap | H17: People
B18: Siap | C18: Kontrol berlaku; diterapkan, didukung bukti lengkap, desain memadai, efektif, dan tervalidasi. | E18: Sebagian efektif | F18: Sedang | G18: Siap | H18: Physical
B19: Dikecualikan | C19: Kontrol tidak berlaku dengan justifikasi dan validasi yang tercatat. | E19: Efektif | F19: Rendah | G19: Dikecualikan | H19: Technological
B20: Review lewat | C20: Tanggal review berikutnya lebih awal daripada tanggal acuan. | E20: N/A
B21: Perlu tindakan | C21: Assessment selesai tetapi masih ada gap atau jadwal review bermasalah.
B24: Metode | C24: Status adalah pemeriksaan kelengkapan internal, bukan opini auditor. Kontrol tidak berlaku tetap memerlukan justifikasi, reviewer, tanggal validasi, dan jadwal review.
B27: Referensi | C27: Gunakan bersama salinan standar ISO/IEC 27001:2022 yang berlisensi dan Statement of Applicability organisasi. Deskripsi pada workbook adalah ringkasan kerja, bukan salinan teks standar.
